{
    "cid": "fairness_metrics_toolbox_for_classification",
    "name": "Fairness Metrics Toolbox for Classification",
    "modelType": [
        "classification"
    ],
    "version": "0.9.0",
    "author": "AI Verify",
    "description": "The algorithm computes a list of fairness metrics to measure how correct your model predicts among the given set of sensitive features.",
    "tags": [
        "fairness metrics toolbox for classification",
        "classification",
        "binary classification",
        "multiclass classification",
        "fairness"
    ],
    "requireGroundTruth": true,
    "requiredFiles": [
        "AUTHORS.rst",
        "CHANGELOG.md",
        "input.schema.json",
        "LICENSE",
        "output.schema.json",
        "fairness_metrics_toolbox_for_classification.meta.json",
        "fairness_metrics_toolbox_for_classification.py",
        "README.md",
        "requirements.txt",
        "syntax_checker.py"
    ]
}