{
  "cid": "summary_description",
  "widgetSize": {
    "minW": 6,
    "minH": 3,
    "maxW": 12,
    "maxH": 36
  },
  "description": "To provide an introduction to FMTC in AIV Summary Page",
  "name": "Description (Summary)",
  "dependencies": [
    {
      "cid": "fairness_tree"
    },
    {
      "cid": "fairness_metrics_toolbox_for_classification"
    }
  ],
  "mockdata": [
    {
      "type": "InputBlock",
      "cid": "fairness_tree",
      "datapath": "fairness_tree.sample.json"
    },
    {
      "type": "Algorithm",
      "cid": "fairness_metrics_toolbox_for_classification",
      "datapath": "fmt.output.sample.json" 
    }
  ]
}