{
  "cid": "local_explainability_chart",
  "widgetSize": {
    "minW": 12,
    "minH": 16,
    "maxW": 12,
    "maxH": 36
  },
  "name": "Local Explainability Bar Chart",
  "description": "To display the local SHAP values using a bar chart",
  "dynamicHeight": true,
  "dependencies": [
    {
      "cid": "local_shap_toolbox"
    }
  ],
  "mockdata": [
    {
      "type": "Algorithm",
      "cid": "local_shap_toolbox",
      "datapath": "local_shap_toolbox.sample.json"
    }
  ],
  "properties": [
    {
      "key": "topNFeatures",
      "helper": "To show the top N features in the chart",
      "default": "20"
    }
  ]
}