{
  "cid": "digital-line-chart",
  "widgetSize": {
    "minW": 1,
    "minH": 1,
    "maxW": 12,
    "maxH": 36
  },
  "name": "Line Chart (Digital Corruptions)",
  "description": "To generate line charts to visualise the accuracy results when digital corruptions (brightness up and down, contrast up and down, compression, tilt, saturate) are applied",
  "dependencies": [
    {
      "cid": "digital_corruptions"
    }
  ],
  "mockdata": [
    {
      "type": "Algorithm",
      "cid": "digital_corruptions",
      "datapath": "digital-corruption-mock-data.json"
    }
  ]
}