{
  "cid": "fairness_responses",
  "name": "User Responses - Fairness",
  "description": "List the user responses for Fairness checklist",
  "tags": ["stock","process-checklist"],
  "widgetSize": {
    "minW": 12,
    "minH": 6,
    "maxW": 12,
    "maxH": 36
  },
  "dependencies": [
    {
      "cid": "fairness_process_checklist"
    }
  ],
  "mockdata": [
    {
      "type": "InputBlock",
      "cid": "fairness_process_checklist",
      "datapath": "fairness_process_checklist.sample.json" 
    }
  ],
  "dynamicHeight": true
}