{
  "cid": "overall_summary",
  "widgetSize": {
    "minW": 12,
    "minH": 14,
    "maxW": 12,
    "maxH": 36
  },
  "name": "Overall Summary",
  "description": "Summary of all the processs checklists responses",
  "dependencies": [
    {
      "cid": "transparency_process_checklist"
    },
    {
      "cid": "explainability_process_checklist"
    },
    {
      "cid": "reproducibility_process_checklist"
    },
    {
      "cid": "safety_process_checklist"
    },
    {
      "cid": "robustness_process_checklist"
    },
    {
      "cid": "fairness_process_checklist"
    },
    {
      "cid": "accountability_process_checklist"
    },
    {
      "cid": "human_agency_oversight_process_checklist"
    }
  ],
  "mockdata": [
    {
      "type": "InputBlock",
      "cid": "transparency_process_checklist",
      "datapath": "transparency_process_checklist.sample.json"
    },
    {
      "type": "InputBlock",
      "cid": "explainability_process_checklist",
      "datapath": "explainability_process_checklist.sample.json"
    },
    {
      "type": "InputBlock",
      "cid": "reproducibility_process_checklist",
      "datapath": "reproducibility_process_checklist.sample.json"
    },
    {
      "type": "InputBlock",
      "cid": "safety_process_checklist",
      "datapath": "safety_process_checklist.sample.json"
    },
    {
      "type": "InputBlock",
      "cid": "security_process_checklist",
      "datapath": "security_process_checklist.sample.json"
    },
    {
      "type": "InputBlock",
      "cid": "robustness_process_checklist",
      "datapath": "robustness_process_checklist.sample.json"
    },
    {
      "type": "InputBlock",
      "cid": "fairness_process_checklist",
      "datapath": "fairness_process_checklist.sample.json"
    },
    {
      "type": "InputBlock",
      "cid": "data_governance_process_checklist",
      "datapath": "data_governance_process_checklist.sample.json"
    },
    {
      "type": "InputBlock",
      "cid": "accountability_process_checklist",
      "datapath": "accountability_process_checklist.sample.json"
    },
    {
      "type": "InputBlock",
      "cid": "human_agency_oversight_process_checklist",
      "datapath": "human_agency_oversight_process_checklist.sample.json"
    },
    {
      "type": "InputBlock",
      "cid": "inclusive_growth_process_checklist",
      "datapath": "inclusive_growth_process_checklist.sample.json"
    }
  ]
}