{
  "completed-1.1.1": "Yes",
  "elaboration-1.1.1": "Implemented as part of compliance",
  "completed-1.1.2": "Yes",
  "elaboration-1.1.2": "Implemented as part of compliance",
  "completed-1.2.1": "Yes",
  "elaboration-1.2.1": "Implemented as part of compliance",
  "completed-1.2.2": "Yes",
  "elaboration-1.2.2": "Implemented as part of compliance",
  "completed-1.2.3": "Yes",
  "elaboration-1.2.3": "Implemented as part of compliance",
  "completed-1.2.4": "Yes",
  "elaboration-1.2.4": "Implemented as part of compliance",
  "completed-1.2.5": "Yes",
  "elaboration-1.2.5": "Implemented as part of compliance",
  "completed-1.3.1": "Yes",
  "elaboration-1.3.1": "Implemented as part of compliance"
}