{
    "cid": "fairness_metrics_toolbox_for_regression",
    "name": "Fairness Metrics Toolbox for Regression",
    "modelType": [
        "regression"
    ],
    "version": "0.9.0",
    "author": "AI Verify",
    "description": "This algorithm computes a list of fairness metrics to measure how correctly your model predicts among the given set of sensitive features.",
    "tags": [
        "Fairness Metrics Toolbox for Regression",
        "regression",
        "fairness"
    ],
    "requireGroundTruth": true,
    "requiredFiles": [
        "AUTHORS.rst",
        "CHANGELOG.md",
        "input.schema.json",
        "LICENSE",
        "output.schema.json",
        "fairness_metrics_toolbox_for_regression.meta.json",
        "fairness_metrics_toolbox_for_regression.py",
        "README.md",
        "requirements.txt",
        "syntax_checker.py"
    ]
}