{
  "cid": "environment-line-chart",
  "widgetSize": {
    "minW": 1,
    "minH": 1,
    "maxW": 12,
    "maxH": 36
  },
  "name": "Line Chart (Environment Corruptions)",
  "description": "To generate line charts to visualise the accuracy results when environment corruptions (rain, fog and snow) are applied",
  "dependencies": [
    {
      "cid": "environment_corruptions"
    }
  ],
  "mockdata": [
    {
      "type": "Algorithm",
      "cid": "environment_corruptions",
      "datapath": "environment-corruption-mock-data.json"
    }
  ]
}