{
  "completed-7.1.1": "Not Applicable",
  "elaboration-7.1.1": "Not applicable as AI model bias has no impact on users.",
  "completed-7.2.1": "Not Applicable",
  "elaboration-7.2.1": "Not applicable as AI model bias has no impact on users.",
  "completed-7.3.1": "Not Applicable",
  "elaboration-7.3.1": "Not applicable as AI model bias has no impact on users.",
  "completed-7.4.1": "Not Applicable",
  "elaboration-7.4.1": "Not applicable as AI model bias has no impact on users.",
  "completed-7.4.2": "Not Applicable",
  "elaboration-7.4.2": "Not applicable as AI model bias has no impact on users.",
  "completed-7.5.1": "Not Applicable",
  "elaboration-7.5.1": "Not applicable as AI model bias has no impact on users.",
  "completed-7.6.1": "Not Applicable",
  "elaboration-7.6.1": "Not applicable as AI model bias has no impact on users.",
  "completed-7.7.1": "Not Applicable",
  "elaboration-7.7.1": "Not applicable as AI model bias has no impact on users.",
  "completed-7.8.1": "Not Applicable",
  "elaboration-7.8.1": "Not applicable as AI model bias has no impact on users.",
  "completed-7.9.1": "Not Applicable",
  "elaboration-7.9.1": "Not applicable as AI model bias has no impact on users.",
  "summary-justification-Fairness": "Not applicable as AI model bias has no impact on users."
}