{
    "cid": "accumulated_local_effect",
    "name": "Accumulated Local Effect",
    "modelType": [
        "classification",
        "regression"
    ],
    "version": "0.9.0",
    "author": "AI Verify",
    "description": "This algorithm explains how each feature and its feature value contribute to the predictions.",
    "tags": [
        "Accumulated Local Effect",
        "classification",
        "regression"
    ],
    "requireGroundTruth": true,
    "requiredFiles": [
        "AUTHORS.rst",
        "CHANGELOG.md",
        "input.schema.json",
        "LICENSE",
        "output.schema.json",
        "accumulated_local_effect.meta.json",
        "accumulated_local_effect.py",
        "README.md",
        "requirements.txt",
        "syntax_checker.py"
    ]
}