{
    "cid": "general_corruptions",
    "name": "General Corruptions",
    "modelType": [
        "classification"
    ],
    "version": "0.10.0",
    "author": "AI Verify",
    "description": "Algorithm that adds general corruptions (gaussian, poisson and salt and pepper noise)",
    "tags": [
        "General Corruptions",
        "classification"
    ],
    "requireGroundTruth": true,
    "requiredFiles": [
        "AUTHORS.rst",
        "CHANGELOG.md",
        "input.schema.json",
        "LICENSE",
        "output.schema.json",
        "general_corruptions.meta.json",
        "general_corruptions.py",
        "README.md",
        "requirements.txt",
        "syntax_checker.py"
    ]
}