{
  "cid": "fairness_UR_widget",
  "widgetSize": {
    "minW": 12,
    "minH": 1,
    "maxW": 12,
    "maxH": 36
  },
  "name": "Fairness - User Response",
  "description": "This widget is used to display user responses for the Fairness (Competition/Consumer Protection) process checklist.",
  "dynamicHeight": true,
  "dependencies": [
    {
      "cid": "fairness"
    }
  ],
  "mockdata": [
    {
      "type": "InputBlock",
      "cid": "fairness",
      "datapath": "fairness.sample.json"
    }
  ]
}