{
    "3_1_1": "Yes",
    "3_1_1_e": "This is a sample elaboration of the answer",
    "3_1_2": "No",
    "3_1_2_e": "This is a sample elaboration of the answer",
    "3_1_3": "NA",
    "3_1_3_e": "This is a sample elaboration of the answer",
    "3_2_1": "Yes",
    "3_2_1_e": "This is a sample elaboration of the answer",
    "3_2_2": "No",
    "3_2_2_e": "This is a sample elaboration of the answer",
    "3_2_3": "NA",
    "3_2_3_e": "This is a sample elaboration of the answer",
    "3_3_1": "Yes",
    "3_3_1_e": "This is a sample elaboration of the answer",
    "3_3_2": "No",
    "3_3_2_e": "This is a sample elaboration of the answer",
    "3_summary": "This is a sample summary of the justification."
}