{
  "cid": "pro_competitive_algo_REC_widget",
  "widgetSize": {
    "minW": 12,
    "minH": 1,
    "maxW": 12,
    "maxH": 36
  },
  "name": "Pro-Competitive Algorithms - Recommendation",
  "description": "This widget is used to show the results of the report.",
  "dynamicHeight": true,
  "dependencies": [
    {
      "cid": "pro_competitive_algo"
    }
  ],
  "mockdata": [
    {
      "type": "InputBlock",
      "cid": "pro_competitive_algo",
      "datapath": "pro_competitive_algo.sample.json"
    }
  ]
}