{
  "cid": "transparency_UR_widget",
  "widgetSize": {
    "minW": 12,
    "minH": 1,
    "maxW": 12,
    "maxH": 36
  },
  "name": "Transparency - User Response",
  "description": "This widget is used to display user responses for the Transparency (Consumer Protection) process checklist.",
  "dynamicHeight": true,
  "dependencies": [
    {
      "cid": "transparency"
    }
  ],
  "mockdata": [
    {
      "type": "InputBlock",
      "cid": "transparency",
      "datapath": "transparency.sample.json"
    }
  ]
}