{
  "cid": "technical_description",
  "widgetSize": {
    "minW": 12,
    "minH": 18,
    "maxW": 12,
    "maxH": 36
  },
  "name": "Description (Technical)",
  "description": "To provide introduction, interpretation and recommendation for robustness testing",
  "dependencies": [
    {
      "cid": "robustness_toolbox"
    }
  ],
  "mockdata": [
    {
      "type": "Algorithm",
      "cid": "robustness_toolbox",
      "datapath": "robustness_toolbox.sample.json"
    }
  ]
}

