{
    "title":"Algorithm Plugin Output Arguments",
    "description":"A schema for algorithm plugin output arguments",
    "type":"object",
    "required":[
        "feature_names",
        "results"
    ],
    "properties":{
        "feature_names":{
            "type":"array",
            "description":"Array of feature names",
            "minItems":1,
            "items":{
                "type":"string"
            }
        },
        "output_classes":{
            "description":"Array of output classes",
            "type":"array",
            "minItems":1,
            "items":{
                "type":[
                    "string",
                    "number",
                    "integer",
                    "boolean"
                ]
            }
        },
        "results":{
            "description":"Matrix of feature values (# feature names)",
            "type":"array",
            "minItems":1,
            "items":{
                "description":"Matrix of PDP plot data (# output classes)",
                "type":"array",
                "minItems":1,
                "items":{
                    "type":"array",
                    "description":"Array of PDP values for each feature value (# feature values)",
                    "minItems":1,
                    "items":{
                        "type":"object",
                        "description":"Array of feature and PDP value",
                        "required":[
                            "feature_value",
                            "pdp_value"
                        ],
                        "properties":{
                            "feature_value":{
                                "type":"number"
                            },
                            "pdp_value":{
                                "type":"number"
                            }
                        }
                    }
                }
            }
        }
    }
}