{
  "pages": [
    {
      "layouts": [
        {
          "i": "1689126165637",
          "x": 0,
          "y": 0,
          "w": 12,
          "h": 36,
          "maxW": 12,
          "maxH": 36,
          "minW": 12,
          "minH": 36,
          "static": false,
          "isDraggable": null,
          "isResizable": null,
          "resizeHandles": null,
          "isBounded": null
        }
      ],
      "reportWidgets": [
        {
          "layoutItemProperties": {
            "justifyContent": "left",
            "alignItems": "top",
            "textAlign": "left",
            "color": null,
            "bgcolor": null
          },
          "widgetGID": "aiverify.stock.reports:cover_page_main",
          "key": "1689126165637",
          "properties": {
            "reportTitle": "Summary Report",
            "reportSubtitle1": "Properties Subtitle 1",
            "reportSubtitle2": "Properties Subtitle 2"
          }
        }
      ]
    },
    {
      "layouts": [
        {
          "i": "1684304861608",
          "x": 0,
          "y": 0,
          "w": 12,
          "h": 2,
          "maxW": 12,
          "maxH": 36,
          "minW": 1,
          "minH": 2,
          "static": false,
          "isDraggable": null,
          "isResizable": null,
          "resizeHandles": null,
          "isBounded": null
        },
        {
          "i": "1684304879591",
          "x": 0,
          "y": 2,
          "w": 12,
          "h": 1,
          "maxW": 12,
          "maxH": 36,
          "minW": 1,
          "minH": 1,
          "static": false,
          "isDraggable": null,
          "isResizable": null,
          "resizeHandles": null,
          "isBounded": null
        },
        {
          "i": "1684304911088",
          "x": 0,
          "y": 3,
          "w": 12,
          "h": 9,
          "maxW": 12,
          "maxH": 36,
          "minW": 12,
          "minH": 7,
          "static": false,
          "isDraggable": null,
          "isResizable": null,
          "resizeHandles": null,
          "isBounded": null
        },
        {
          "i": "1684304925928",
          "x": 0,
          "y": 12,
          "w": 12,
          "h": 1,
          "maxW": 12,
          "maxH": 36,
          "minW": 12,
          "minH": 1,
          "static": false,
          "isDraggable": null,
          "isResizable": null,
          "resizeHandles": null,
          "isBounded": null
        },
        {
          "i": "1684304938875",
          "x": 0,
          "y": 13,
          "w": 12,
          "h": 1,
          "maxW": 12,
          "maxH": 36,
          "minW": 1,
          "minH": 1,
          "static": false,
          "isDraggable": null,
          "isResizable": null,
          "resizeHandles": null,
          "isBounded": null
        },
        {
          "i": "1684305199177",
          "x": 0,
          "y": 17,
          "w": 12,
          "h": 1,
          "maxW": 12,
          "maxH": 36,
          "minW": 12,
          "minH": 1,
          "static": false,
          "isDraggable": null,
          "isResizable": null,
          "resizeHandles": null,
          "isBounded": null
        },
        {
          "i": "1684305207089",
          "x": 0,
          "y": 18,
          "w": 12,
          "h": 1,
          "maxW": 12,
          "maxH": 36,
          "minW": 1,
          "minH": 1,
          "static": false,
          "isDraggable": null,
          "isResizable": null,
          "resizeHandles": null,
          "isBounded": null
        },
        {
          "i": "1685631370924",
          "x": 0,
          "y": 19,
          "w": 12,
          "h": 17,
          "maxW": 12,
          "maxH": 36,
          "minW": 12,
          "minH": 14,
          "static": false,
          "isDraggable": null,
          "isResizable": null,
          "resizeHandles": null,
          "isBounded": null
        },
        {
          "i": "1685886404602",
          "x": 0,
          "y": 14,
          "w": 12,
          "h": 3,
          "maxW": 12,
          "maxH": 36,
          "minW": 12,
          "minH": 3,
          "static": false,
          "isDraggable": null,
          "isResizable": null,
          "resizeHandles": null,
          "isBounded": null
        }
      ],
      "reportWidgets": [
        {
          "layoutItemProperties": {
            "justifyContent": "left",
            "alignItems": "center",
            "textAlign": "left",
            "color": null,
            "bgcolor": null
          },
          "widgetGID": "aiverify.stock.reports:page_title1",
          "key": "1684304861608",
          "properties": {
            "title": "Introduction"
          }
        },
        {
          "layoutItemProperties": {
            "justifyContent": "left",
            "alignItems": "center",
            "textAlign": "left",
            "color": null,
            "bgcolor": null
          },
          "widgetGID": "aiverify.stock.reports:page_title2",
          "key": "1684304879591",
          "properties": {
            "title": "Aim of AI Verify - AI Governance Testing Framework and Toolkit"
          }
        },
        {
          "layoutItemProperties": {
            "justifyContent": "left",
            "alignItems": "center",
            "textAlign": "left",
            "color": null,
            "bgcolor": null
          },
          "widgetGID": "aiverify.stock.reports:aiv_intro",
          "key": "1684304911088",
          "properties": null
        },
        {
          "layoutItemProperties": {
            "justifyContent": "center",
            "alignItems": "top",
            "textAlign": "left",
            "color": null,
            "bgcolor": null
          },
          "widgetGID": "aiverify.stock.reports:page_divider",
          "key": "1684304925928",
          "properties": null
        },
        {
          "layoutItemProperties": {
            "justifyContent": "left",
            "alignItems": "center",
            "textAlign": "left",
            "color": null,
            "bgcolor": null
          },
          "widgetGID": "aiverify.stock.reports:page_title2",
          "key": "1684304938875",
          "properties": {
            "title": "Use case and Model Tested"
          }
        },
        {
          "layoutItemProperties": {
            "justifyContent": "center",
            "alignItems": "top",
            "textAlign": "left",
            "color": null,
            "bgcolor": null
          },
          "widgetGID": "aiverify.stock.reports:page_divider",
          "key": "1684305199177",
          "properties": null
        },
        {
          "layoutItemProperties": {
            "justifyContent": "left",
            "alignItems": "center",
            "textAlign": "left",
            "color": null,
            "bgcolor": null
          },
          "widgetGID": "aiverify.stock.reports:page_title2",
          "key": "1684305207089",
          "properties": {
            "title": "Scope of Checks"
          }
        },
        {
          "layoutItemProperties": {
            "justifyContent": "left",
            "alignItems": "top",
            "textAlign": "left",
            "color": null,
            "bgcolor": null
          },
          "widgetGID": "aiverify.stock.process_checklist:overview",
          "key": "1685631370924",
          "properties": null
        },
        {
          "layoutItemProperties": {
            "justifyContent": "left",
            "alignItems": "top",
            "textAlign": "left",
            "color": null,
            "bgcolor": null
          },
          "widgetGID": "aiverify.stock.reports:use_case_model",
          "key": "1685886404602",
          "properties": {
            "modelTested": "{modelName}",
            "modelPurpose": "{modelPurpose}"
          }
        }
      ]
    },
    {
      "layouts": [
        {
          "i": "1684305286356",
          "x": 0,
          "y": 0,
          "w": 12,
          "h": 2,
          "maxW": 12,
          "maxH": 36,
          "minW": 1,
          "minH": 2,
          "static": false,
          "isDraggable": null,
          "isResizable": null,
          "resizeHandles": null,
          "isBounded": null
        },
        {
          "i": "1684928997631",
          "x": 0,
          "y": 2,
          "w": 12,
          "h": 1,
          "maxW": 12,
          "maxH": 36,
          "minW": 1,
          "minH": 1,
          "static": false,
          "isDraggable": null,
          "isResizable": null,
          "resizeHandles": null,
          "isBounded": null
        },
        {
          "i": "1696318020817",
          "x": 0,
          "y": 3,
          "w": 12,
          "h": 33,
          "maxW": 12,
          "maxH": 36,
          "minW": 12,
          "minH": 27,
          "static": false,
          "isDraggable": null,
          "isResizable": null,
          "resizeHandles": null,
          "isBounded": null
        }
      ],
      "reportWidgets": [
        {
          "layoutItemProperties": {
            "justifyContent": "left",
            "alignItems": "center",
            "textAlign": "left",
            "color": null,
            "bgcolor": null
          },
          "widgetGID": "aiverify.stock.reports:page_title1",
          "key": "1684305286356",
          "properties": {
            "title": "Introduction"
          }
        },
        {
          "layoutItemProperties": {
            "justifyContent": "left",
            "alignItems": "center",
            "textAlign": "left",
            "color": null,
            "bgcolor": null
          },
          "widgetGID": "aiverify.stock.reports:page_title2",
          "key": "1684928997631",
          "properties": {
            "title": "AI Verify's 11 Principles"
          }
        },
        {
          "layoutItemProperties": {
            "justifyContent": "left",
            "alignItems": "top",
            "textAlign": "left",
            "color": null,
            "bgcolor": null
          },
          "widgetGID": "aiverify.stock.process_checklist:area_descriptions",
          "key": "1696318020817",
          "properties": {
            "startIndex": "0",
            "numAreas": "6"
          }
        }
      ]
    },
    {
      "layouts": [
        {
          "i": "1684305343880",
          "x": 0,
          "y": 0,
          "w": 12,
          "h": 2,
          "maxW": 12,
          "maxH": 36,
          "minW": 1,
          "minH": 2,
          "static": false,
          "isDraggable": null,
          "isResizable": null,
          "resizeHandles": null,
          "isBounded": null
        },
        {
          "i": "1684305382986",
          "x": 0,
          "y": 12,
          "w": 12,
          "h": 1,
          "maxW": 12,
          "maxH": 36,
          "minW": 12,
          "minH": 1,
          "static": false,
          "isDraggable": null,
          "isResizable": null,
          "resizeHandles": null,
          "isBounded": null
        },
        {
          "i": "1684465230294",
          "x": 0,
          "y": 13,
          "w": 12,
          "h": 1,
          "maxW": 12,
          "maxH": 36,
          "minW": 1,
          "minH": 1,
          "static": false,
          "isDraggable": null,
          "isResizable": null,
          "resizeHandles": null,
          "isBounded": null
        },
        {
          "i": "1684465261406",
          "x": 0,
          "y": 14,
          "w": 12,
          "h": 5,
          "maxW": 12,
          "maxH": 36,
          "minW": 12,
          "minH": 5,
          "static": false,
          "isDraggable": null,
          "isResizable": null,
          "resizeHandles": null,
          "isBounded": null
        },
        {
          "i": "1684929172245",
          "x": 0,
          "y": 19,
          "w": 12,
          "h": 1,
          "maxW": 12,
          "maxH": 36,
          "minW": 1,
          "minH": 1,
          "static": false,
          "isDraggable": null,
          "isResizable": null,
          "resizeHandles": null,
          "isBounded": null
        },
        {
          "i": "1685631407575",
          "x": 0,
          "y": 20,
          "w": 12,
          "h": 16,
          "maxW": 12,
          "maxH": 36,
          "minW": 12,
          "minH": 12,
          "static": false,
          "isDraggable": null,
          "isResizable": null,
          "resizeHandles": null,
          "isBounded": null
        },
        {
          "i": "1685893522216",
          "x": 0,
          "y": 2,
          "w": 12,
          "h": 10,
          "maxW": 12,
          "maxH": 36,
          "minW": 12,
          "minH": 8,
          "static": false,
          "isDraggable": null,
          "isResizable": null,
          "resizeHandles": null,
          "isBounded": null
        }
      ],
      "reportWidgets": [
        {
          "layoutItemProperties": {
            "justifyContent": "left",
            "alignItems": "center",
            "textAlign": "left",
            "color": null,
            "bgcolor": null
          },
          "widgetGID": "aiverify.stock.reports:page_title1",
          "key": "1684305343880",
          "properties": {
            "title": "Summary"
          }
        },
        {
          "layoutItemProperties": {
            "justifyContent": "left",
            "alignItems": "top",
            "textAlign": "left",
            "color": null,
            "bgcolor": null
          },
          "widgetGID": "aiverify.stock.reports:page_divider",
          "key": "1684305382986",
          "properties": null
        },
        {
          "layoutItemProperties": {
            "justifyContent": "left",
            "alignItems": "center",
            "textAlign": "left",
            "color": null,
            "bgcolor": null
          },
          "widgetGID": "aiverify.stock.reports:page_title2",
          "key": "1684465230294",
          "properties": {
            "title": "Overall Completion Status"
          }
        },
        {
          "layoutItemProperties": {
            "justifyContent": "center",
            "alignItems": "top",
            "textAlign": "left",
            "color": null,
            "bgcolor": null
          },
          "widgetGID": "aiverify.stock.reports:technical_tests_summary",
          "key": "1684465261406",
          "properties": null
        },
        {
          "layoutItemProperties": {
            "justifyContent": "left",
            "alignItems": "center",
            "textAlign": "left",
            "color": null,
            "bgcolor": null
          },
          "widgetGID": "aiverify.stock.reports:page_title3",
          "key": "1684929172245",
          "properties": {
            "title": "Process Checks"
          }
        },
        {
          "layoutItemProperties": {
            "justifyContent": "left",
            "alignItems": "top",
            "textAlign": "left",
            "color": null,
            "bgcolor": null
          },
          "widgetGID": "aiverify.stock.process_checklist:overall_summary",
          "key": "1685631407575",
          "properties": null
        },
        {
          "layoutItemProperties": {
            "justifyContent": "left",
            "alignItems": "top",
            "textAlign": "left",
            "color": null,
            "bgcolor": null
          },
          "widgetGID": "aiverify.stock.reports:report_summary",
          "key": "1685893522216",
          "properties": {
            "modelName": "{modelName}"
          }
        }
      ]
    },
    {
      "layouts": [
        {
          "i": "1685516198460",
          "x": 0,
          "y": 0,
          "w": 12,
          "h": 4,
          "maxW": 12,
          "maxH": 5,
          "minW": 12,
          "minH": 3,
          "static": false,
          "isDraggable": null,
          "isResizable": null,
          "resizeHandles": null,
          "isBounded": null
        },
        {
          "i": "1685516237216",
          "x": 0,
          "y": 4,
          "w": 12,
          "h": 1,
          "maxW": 12,
          "maxH": 36,
          "minW": 12,
          "minH": 1,
          "static": false,
          "isDraggable": null,
          "isResizable": null,
          "resizeHandles": null,
          "isBounded": null
        },
        {
          "i": "1685889250883",
          "x": 0,
          "y": 5,
          "w": 12,
          "h": 1,
          "maxW": 12,
          "maxH": 36,
          "minW": 6,
          "minH": 1,
          "static": false,
          "isDraggable": null,
          "isResizable": null,
          "resizeHandles": null,
          "isBounded": null
        },
        {
          "i": "1689038789267",
          "x": 0,
          "y": 6,
          "w": 12,
          "h": 30,
          "maxW": 12,
          "maxH": 36,
          "minW": 12,
          "minH": 10,
          "static": false,
          "isDraggable": null,
          "isResizable": null,
          "resizeHandles": null,
          "isBounded": null
        }
      ],
      "reportWidgets": [
        {
          "layoutItemProperties": {
            "justifyContent": "left",
            "alignItems": "center",
            "textAlign": "left",
            "color": null,
            "bgcolor": null
          },
          "widgetGID": "aiverify.stock.process_checklist:area_header",
          "key": "1685516198460",
          "properties": {
            "areaIndex": "1"
          }
        },
        {
          "layoutItemProperties": {
            "justifyContent": "left",
            "alignItems": "top",
            "textAlign": "left",
            "color": null,
            "bgcolor": null
          },
          "widgetGID": "aiverify.stock.reports:page_divider",
          "key": "1685516237216",
          "properties": null
        },
        {
          "layoutItemProperties": {
            "justifyContent": "left",
            "alignItems": "center",
            "textAlign": "left",
            "color": null,
            "bgcolor": null
          },
          "widgetGID": "aiverify.stock.process_checklist:principle_summary_header",
          "key": "1685889250883",
          "properties": {
            "principle": "Transparency"
          }
        },
        {
          "layoutItemProperties": {
            "justifyContent": "left",
            "alignItems": "top",
            "textAlign": "left",
            "color": null,
            "bgcolor": null
          },
          "widgetGID": "aiverify.stock.process_checklist:summary_transparency",
          "key": "1689038789267",
          "properties": null
        }
      ]
    },
    {
      "layouts": [
        {
          "i": "1684929765131",
          "x": 0,
          "y": 6,
          "w": 12,
          "h": 30,
          "maxW": 12,
          "maxH": 36,
          "minW": 12,
          "minH": 10,
          "static": false,
          "isDraggable": null,
          "isResizable": null,
          "resizeHandles": null,
          "isBounded": null
        },
        {
          "i": "1689124848774",
          "x": 0,
          "y": 0,
          "w": 12,
          "h": 4,
          "maxW": 12,
          "maxH": 5,
          "minW": 12,
          "minH": 3,
          "static": false,
          "isDraggable": null,
          "isResizable": null,
          "resizeHandles": null,
          "isBounded": null
        },
        {
          "i": "1689124873005",
          "x": 0,
          "y": 4,
          "w": 12,
          "h": 1,
          "maxW": 12,
          "maxH": 36,
          "minW": 12,
          "minH": 1,
          "static": false,
          "isDraggable": null,
          "isResizable": null,
          "resizeHandles": null,
          "isBounded": null
        },
        {
          "i": "1689124907239",
          "x": 0,
          "y": 5,
          "w": 12,
          "h": 1,
          "maxW": 12,
          "maxH": 36,
          "minW": 6,
          "minH": 1,
          "static": false,
          "isDraggable": null,
          "isResizable": null,
          "resizeHandles": null,
          "isBounded": null
        }
      ],
      "reportWidgets": [
        {
          "layoutItemProperties": {
            "justifyContent": "left",
            "alignItems": "top",
            "textAlign": "left",
            "color": null,
            "bgcolor": null
          },
          "widgetGID": "aiverify.stock.process_checklist:summary_explainability",
          "key": "1684929765131",
          "properties": null
        },
        {
          "layoutItemProperties": {
            "justifyContent": "left",
            "alignItems": "center",
            "textAlign": "left",
            "color": null,
            "bgcolor": null
          },
          "widgetGID": "aiverify.stock.process_checklist:area_header",
          "key": "1689124848774",
          "properties": {
            "areaIndex": "2"
          }
        },
        {
          "layoutItemProperties": {
            "justifyContent": "left",
            "alignItems": "top",
            "textAlign": "left",
            "color": null,
            "bgcolor": null
          },
          "widgetGID": "aiverify.stock.reports:page_divider",
          "key": "1689124873005",
          "properties": null
        },
        {
          "layoutItemProperties": {
            "justifyContent": "left",
            "alignItems": "center",
            "textAlign": "left",
            "color": null,
            "bgcolor": null
          },
          "widgetGID": "aiverify.stock.process_checklist:principle_summary_header",
          "key": "1689124907239",
          "properties": {
            "principle": "Explainability"
          }
        }
      ]
    },
    {
      "layouts": [
        {
          "i": "1685887236274",
          "x": 0,
          "y": 1,
          "w": 12,
          "h": 35,
          "maxW": 12,
          "maxH": 36,
          "minW": 12,
          "minH": 12,
          "static": false,
          "isDraggable": null,
          "isResizable": null,
          "resizeHandles": null,
          "isBounded": null
        },
        {
          "i": "1685887277893",
          "x": 0,
          "y": 0,
          "w": 12,
          "h": 1,
          "maxW": 12,
          "maxH": 36,
          "minW": 1,
          "minH": 1,
          "static": false,
          "isDraggable": null,
          "isResizable": null,
          "resizeHandles": null,
          "isBounded": null
        }
      ],
      "reportWidgets": [
        {
          "layoutItemProperties": {
            "justifyContent": "left",
            "alignItems": "top",
            "textAlign": "left",
            "color": null,
            "bgcolor": null
          },
          "widgetGID": "aiverify.stock.shap_toolbox:summary_global_exp_chart",
          "key": "1685887236274",
          "properties": {
            "topNFeatures": "20"
          }
        },
        {
          "layoutItemProperties": {
            "justifyContent": "left",
            "alignItems": "center",
            "textAlign": "left",
            "color": null,
            "bgcolor": null
          },
          "widgetGID": "aiverify.stock.reports:page_title3",
          "key": "1685887277893",
          "properties": {
            "title": "Technical Test"
          }
        }
      ]
    },
    {
      "layouts": [
        {
          "i": "1684929784449",
          "x": 0,
          "y": 1,
          "w": 12,
          "h": 35,
          "maxW": 12,
          "maxH": 36,
          "minW": 12,
          "minH": 10,
          "static": false,
          "isDraggable": null,
          "isResizable": null,
          "resizeHandles": null,
          "isBounded": null
        },
        {
          "i": "1685889602140",
          "x": 0,
          "y": 0,
          "w": 12,
          "h": 1,
          "maxW": 12,
          "maxH": 36,
          "minW": 6,
          "minH": 1,
          "static": false,
          "isDraggable": null,
          "isResizable": null,
          "resizeHandles": null,
          "isBounded": null
        }
      ],
      "reportWidgets": [
        {
          "layoutItemProperties": {
            "justifyContent": "left",
            "alignItems": "top",
            "textAlign": "left",
            "color": null,
            "bgcolor": null
          },
          "widgetGID": "aiverify.stock.process_checklist:summary_reproducibility",
          "key": "1684929784449",
          "properties": null
        },
        {
          "layoutItemProperties": {
            "justifyContent": "left",
            "alignItems": "center",
            "textAlign": "left",
            "color": null,
            "bgcolor": null
          },
          "widgetGID": "aiverify.stock.process_checklist:principle_summary_header",
          "key": "1685889602140",
          "properties": {
            "principle": "Reproducibility"
          }
        }
      ]
    },
    {
      "layouts": [
        {
          "i": "1684929799201",
          "x": 0,
          "y": 5,
          "w": 12,
          "h": 31,
          "maxW": 12,
          "maxH": 36,
          "minW": 12,
          "minH": 10,
          "static": false,
          "isDraggable": null,
          "isResizable": null,
          "resizeHandles": null,
          "isBounded": null
        },
        {
          "i": "1685516376598",
          "x": 0,
          "y": 3,
          "w": 12,
          "h": 1,
          "maxW": 12,
          "maxH": 36,
          "minW": 12,
          "minH": 1,
          "static": false,
          "isDraggable": null,
          "isResizable": null,
          "resizeHandles": null,
          "isBounded": null
        },
        {
          "i": "1685516380843",
          "x": 0,
          "y": 0,
          "w": 12,
          "h": 3,
          "maxW": 12,
          "maxH": 5,
          "minW": 12,
          "minH": 3,
          "static": false,
          "isDraggable": null,
          "isResizable": null,
          "resizeHandles": null,
          "isBounded": null
        },
        {
          "i": "1685889740917",
          "x": 0,
          "y": 4,
          "w": 12,
          "h": 1,
          "maxW": 12,
          "maxH": 36,
          "minW": 6,
          "minH": 1,
          "static": false,
          "isDraggable": null,
          "isResizable": null,
          "resizeHandles": null,
          "isBounded": null
        }
      ],
      "reportWidgets": [
        {
          "layoutItemProperties": {
            "justifyContent": "left",
            "alignItems": "top",
            "textAlign": "left",
            "color": null,
            "bgcolor": null
          },
          "widgetGID": "aiverify.stock.process_checklist:summary_safety",
          "key": "1684929799201",
          "properties": null
        },
        {
          "layoutItemProperties": {
            "justifyContent": "left",
            "alignItems": "top",
            "textAlign": "left",
            "color": null,
            "bgcolor": null
          },
          "widgetGID": "aiverify.stock.reports:page_divider",
          "key": "1685516376598",
          "properties": null
        },
        {
          "layoutItemProperties": {
            "justifyContent": "left",
            "alignItems": "center",
            "textAlign": "left",
            "color": null,
            "bgcolor": null
          },
          "widgetGID": "aiverify.stock.process_checklist:area_header",
          "key": "1685516380843",
          "properties": {
            "areaIndex": "3"
          }
        },
        {
          "layoutItemProperties": {
            "justifyContent": "left",
            "alignItems": "center",
            "textAlign": "left",
            "color": null,
            "bgcolor": null
          },
          "widgetGID": "aiverify.stock.process_checklist:principle_summary_header",
          "key": "1685889740917",
          "properties": {
            "principle": "Safety"
          }
        }
      ]
    },
    {
      "layouts": [
        {
          "i": "1684929818031",
          "x": 0,
          "y": 1,
          "w": 12,
          "h": 35,
          "maxW": 12,
          "maxH": 36,
          "minW": 12,
          "minH": 10,
          "static": false,
          "isDraggable": null,
          "isResizable": null,
          "resizeHandles": null,
          "isBounded": null
        },
        {
          "i": "1685889767504",
          "x": 0,
          "y": 0,
          "w": 12,
          "h": 1,
          "maxW": 12,
          "maxH": 36,
          "minW": 6,
          "minH": 1,
          "static": false,
          "isDraggable": null,
          "isResizable": null,
          "resizeHandles": null,
          "isBounded": null
        }
      ],
      "reportWidgets": [
        {
          "layoutItemProperties": {
            "justifyContent": "left",
            "alignItems": "top",
            "textAlign": "left",
            "color": null,
            "bgcolor": null
          },
          "widgetGID": "aiverify.stock.process_checklist:summary_security",
          "key": "1684929818031",
          "properties": null
        },
        {
          "layoutItemProperties": {
            "justifyContent": "left",
            "alignItems": "center",
            "textAlign": "left",
            "color": null,
            "bgcolor": null
          },
          "widgetGID": "aiverify.stock.process_checklist:principle_summary_header",
          "key": "1685889767504",
          "properties": {
            "principle": "Security"
          }
        }
      ]
    },
    {
      "layouts": [
        {
          "i": "1684929834011",
          "x": 0,
          "y": 0,
          "w": 12,
          "h": 36,
          "maxW": 12,
          "maxH": 36,
          "minW": 12,
          "minH": 10,
          "static": false,
          "isDraggable": null,
          "isResizable": null,
          "resizeHandles": null,
          "isBounded": null
        }
      ],
      "reportWidgets": [
        {
          "layoutItemProperties": {
            "justifyContent": "left",
            "alignItems": "top",
            "textAlign": "left",
            "color": null,
            "bgcolor": null
          },
          "widgetGID": "aiverify.stock.process_checklist:summary_robustness",
          "key": "1684929834011",
          "properties": null
        }
      ]
    },
    {
      "layouts": [
        {
          "i": "1685889889908",
          "x": 0,
          "y": 1,
          "w": 12,
          "h": 6,
          "maxW": 12,
          "maxH": 36,
          "minW": 12,
          "minH": 6,
          "static": false,
          "isDraggable": null,
          "isResizable": null,
          "resizeHandles": null,
          "isBounded": null
        },
        {
          "i": "1685889893427",
          "x": 0,
          "y": 7,
          "w": 12,
          "h": 27,
          "maxW": 12,
          "maxH": 36,
          "minW": 12,
          "minH": 18,
          "static": false,
          "isDraggable": null,
          "isResizable": null,
          "resizeHandles": null,
          "isBounded": null
        },
        {
          "i": "1685889916737",
          "x": 0,
          "y": 0,
          "w": 12,
          "h": 1,
          "maxW": 12,
          "maxH": 36,
          "minW": 1,
          "minH": 1,
          "static": false,
          "isDraggable": null,
          "isResizable": null,
          "resizeHandles": null,
          "isBounded": null
        }
      ],
      "reportWidgets": [
        {
          "layoutItemProperties": {
            "justifyContent": "left",
            "alignItems": "top",
            "textAlign": "left",
            "color": null,
            "bgcolor": null
          },
          "widgetGID": "aiverify.stock.robustness_toolbox:accuracy_comparison",
          "key": "1685889889908",
          "properties": null
        },
        {
          "layoutItemProperties": {
            "justifyContent": "left",
            "alignItems": "top",
            "textAlign": "left",
            "color": null,
            "bgcolor": null
          },
          "widgetGID": "aiverify.stock.robustness_toolbox:summary_description",
          "key": "1685889893427",
          "properties": null
        },
        {
          "layoutItemProperties": {
            "justifyContent": "left",
            "alignItems": "center",
            "textAlign": "left",
            "color": null,
            "bgcolor": null
          },
          "widgetGID": "aiverify.stock.reports:page_title3",
          "key": "1685889916737",
          "properties": {
            "title": "Technical Test"
          }
        }
      ]
    },
    {
      "layouts": [
        {
          "i": "1684929846191",
          "x": 0,
          "y": 5,
          "w": 12,
          "h": 31,
          "maxW": 12,
          "maxH": 36,
          "minW": 12,
          "minH": 10,
          "static": false,
          "isDraggable": null,
          "isResizable": null,
          "resizeHandles": null,
          "isBounded": null
        },
        {
          "i": "1689125218480",
          "x": 0,
          "y": 0,
          "w": 12,
          "h": 3,
          "maxW": 12,
          "maxH": 5,
          "minW": 12,
          "minH": 3,
          "static": false,
          "isDraggable": null,
          "isResizable": null,
          "resizeHandles": null,
          "isBounded": null
        },
        {
          "i": "1689125246446",
          "x": 0,
          "y": 3,
          "w": 12,
          "h": 1,
          "maxW": 12,
          "maxH": 36,
          "minW": 12,
          "minH": 1,
          "static": false,
          "isDraggable": null,
          "isResizable": null,
          "resizeHandles": null,
          "isBounded": null
        },
        {
          "i": "1689125257767",
          "x": 0,
          "y": 4,
          "w": 12,
          "h": 1,
          "maxW": 12,
          "maxH": 36,
          "minW": 6,
          "minH": 1,
          "static": false,
          "isDraggable": null,
          "isResizable": null,
          "resizeHandles": null,
          "isBounded": null
        }
      ],
      "reportWidgets": [
        {
          "layoutItemProperties": {
            "justifyContent": "left",
            "alignItems": "top",
            "textAlign": "left",
            "color": null,
            "bgcolor": null
          },
          "widgetGID": "aiverify.stock.process_checklist:summary_fairness",
          "key": "1684929846191",
          "properties": null
        },
        {
          "layoutItemProperties": {
            "justifyContent": "left",
            "alignItems": "center",
            "textAlign": "left",
            "color": null,
            "bgcolor": null
          },
          "widgetGID": "aiverify.stock.process_checklist:area_header",
          "key": "1689125218480",
          "properties": {
            "areaIndex": "4"
          }
        },
        {
          "layoutItemProperties": {
            "justifyContent": "left",
            "alignItems": "top",
            "textAlign": "left",
            "color": null,
            "bgcolor": null
          },
          "widgetGID": "aiverify.stock.reports:page_divider",
          "key": "1689125246446",
          "properties": null
        },
        {
          "layoutItemProperties": {
            "justifyContent": "left",
            "alignItems": "center",
            "textAlign": "left",
            "color": null,
            "bgcolor": null
          },
          "widgetGID": "aiverify.stock.process_checklist:principle_summary_header",
          "key": "1689125257767",
          "properties": {
            "principle": "Fairness"
          }
        }
      ]
    },
    {
      "layouts": [
        {
          "i": "1685890039237",
          "x": 0,
          "y": 0,
          "w": 12,
          "h": 1,
          "maxW": 12,
          "maxH": 36,
          "minW": 1,
          "minH": 1,
          "static": false,
          "isDraggable": null,
          "isResizable": null,
          "resizeHandles": null,
          "isBounded": null
        },
        {
          "i": "1685890208476",
          "x": 0,
          "y": 1,
          "w": 12,
          "h": 5,
          "maxW": 12,
          "maxH": 36,
          "minW": 6,
          "minH": 3,
          "static": false,
          "isDraggable": null,
          "isResizable": null,
          "resizeHandles": null,
          "isBounded": null
        },
        {
          "i": "1685890331001",
          "x": 0,
          "y": 6,
          "w": 12,
          "h": 30,
          "maxW": 12,
          "maxH": 36,
          "minW": 12,
          "minH": 15,
          "static": false,
          "isDraggable": null,
          "isResizable": null,
          "resizeHandles": null,
          "isBounded": null
        }
      ],
      "reportWidgets": [
        {
          "layoutItemProperties": {
            "justifyContent": "left",
            "alignItems": "center",
            "textAlign": "left",
            "color": null,
            "bgcolor": null
          },
          "widgetGID": "aiverify.stock.reports:page_title3",
          "key": "1685890039237",
          "properties": {
            "title": "Technical Test"
          }
        },
        {
          "layoutItemProperties": {
            "justifyContent": "left",
            "alignItems": "top",
            "textAlign": "left",
            "color": null,
            "bgcolor": null
          },
          "widgetGID": "aiverify.stock.fairness_metrics_toolbox_for_classification:summary_description",
          "key": "1685890208476",
          "properties": null
        },
        {
          "layoutItemProperties": {
            "justifyContent": "left",
            "alignItems": "top",
            "textAlign": "left",
            "color": null,
            "bgcolor": null
          },
          "widgetGID": "aiverify.stock.fairness_metrics_toolbox_for_classification:chart_selected_metrics",
          "key": "1685890331001",
          "properties": null
        }
      ]
    },
    {
      "layouts": [
        {
          "i": "1685890367384",
          "x": 0,
          "y": 0,
          "w": 12,
          "h": 36,
          "maxW": 12,
          "maxH": 36,
          "minW": 6,
          "minH": 3,
          "static": false,
          "isDraggable": null,
          "isResizable": null,
          "resizeHandles": null,
          "isBounded": null
        }
      ],
      "reportWidgets": [
        {
          "layoutItemProperties": {
            "justifyContent": "left",
            "alignItems": "top",
            "textAlign": "left",
            "color": null,
            "bgcolor": null
          },
          "widgetGID": "aiverify.stock.fairness_metrics_toolbox_for_classification:summary_recommendation",
          "key": "1685890367384",
          "properties": null
        }
      ]
    },
    {
      "layouts": [
        {
          "i": "1684929863861",
          "x": 0,
          "y": 1,
          "w": 12,
          "h": 35,
          "maxW": 12,
          "maxH": 36,
          "minW": 12,
          "minH": 10,
          "static": false,
          "isDraggable": null,
          "isResizable": null,
          "resizeHandles": null,
          "isBounded": null
        },
        {
          "i": "1685890447088",
          "x": 0,
          "y": 0,
          "w": 12,
          "h": 1,
          "maxW": 12,
          "maxH": 36,
          "minW": 6,
          "minH": 1,
          "static": false,
          "isDraggable": null,
          "isResizable": null,
          "resizeHandles": null,
          "isBounded": null
        }
      ],
      "reportWidgets": [
        {
          "layoutItemProperties": {
            "justifyContent": "left",
            "alignItems": "top",
            "textAlign": "left",
            "color": null,
            "bgcolor": null
          },
          "widgetGID": "aiverify.stock.process_checklist:summary_data_governance",
          "key": "1684929863861",
          "properties": null
        },
        {
          "layoutItemProperties": {
            "justifyContent": "left",
            "alignItems": "center",
            "textAlign": "left",
            "color": null,
            "bgcolor": null
          },
          "widgetGID": "aiverify.stock.process_checklist:principle_summary_header",
          "key": "1685890447088",
          "properties": {
            "principle": "Data Governance"
          }
        }
      ]
    },
    {
      "layouts": [
        {
          "i": "1684929875180",
          "x": 0,
          "y": 5,
          "w": 12,
          "h": 31,
          "maxW": 12,
          "maxH": 36,
          "minW": 12,
          "minH": 10,
          "static": false,
          "isDraggable": null,
          "isResizable": null,
          "resizeHandles": null,
          "isBounded": null
        },
        {
          "i": "1685516477764",
          "x": 0,
          "y": 3,
          "w": 12,
          "h": 1,
          "maxW": 12,
          "maxH": 36,
          "minW": 12,
          "minH": 1,
          "static": false,
          "isDraggable": null,
          "isResizable": null,
          "resizeHandles": null,
          "isBounded": null
        },
        {
          "i": "1685516484179",
          "x": 0,
          "y": 0,
          "w": 12,
          "h": 3,
          "maxW": 12,
          "maxH": 5,
          "minW": 12,
          "minH": 3,
          "static": false,
          "isDraggable": null,
          "isResizable": null,
          "resizeHandles": null,
          "isBounded": null
        },
        {
          "i": "1685890471172",
          "x": 0,
          "y": 4,
          "w": 12,
          "h": 1,
          "maxW": 12,
          "maxH": 36,
          "minW": 6,
          "minH": 1,
          "static": false,
          "isDraggable": null,
          "isResizable": null,
          "resizeHandles": null,
          "isBounded": null
        }
      ],
      "reportWidgets": [
        {
          "layoutItemProperties": {
            "justifyContent": "left",
            "alignItems": "top",
            "textAlign": "left",
            "color": null,
            "bgcolor": null
          },
          "widgetGID": "aiverify.stock.process_checklist:summary_accountability",
          "key": "1684929875180",
          "properties": null
        },
        {
          "layoutItemProperties": {
            "justifyContent": "left",
            "alignItems": "top",
            "textAlign": "left",
            "color": null,
            "bgcolor": null
          },
          "widgetGID": "aiverify.stock.reports:page_divider",
          "key": "1685516477764",
          "properties": null
        },
        {
          "layoutItemProperties": {
            "justifyContent": "left",
            "alignItems": "center",
            "textAlign": "left",
            "color": null,
            "bgcolor": null
          },
          "widgetGID": "aiverify.stock.process_checklist:area_header",
          "key": "1685516484179",
          "properties": {
            "areaIndex": "5"
          }
        },
        {
          "layoutItemProperties": {
            "justifyContent": "left",
            "alignItems": "center",
            "textAlign": "left",
            "color": null,
            "bgcolor": null
          },
          "widgetGID": "aiverify.stock.process_checklist:principle_summary_header",
          "key": "1685890471172",
          "properties": {
            "principle": "Accountability"
          }
        }
      ]
    },
    {
      "layouts": [
        {
          "i": "1684929886817",
          "x": 0,
          "y": 1,
          "w": 12,
          "h": 35,
          "maxW": 12,
          "maxH": 36,
          "minW": 12,
          "minH": 10,
          "static": false,
          "isDraggable": null,
          "isResizable": null,
          "resizeHandles": null,
          "isBounded": null
        },
        {
          "i": "1685890498307",
          "x": 0,
          "y": 0,
          "w": 12,
          "h": 1,
          "maxW": 12,
          "maxH": 36,
          "minW": 6,
          "minH": 1,
          "static": false,
          "isDraggable": null,
          "isResizable": null,
          "resizeHandles": null,
          "isBounded": null
        }
      ],
      "reportWidgets": [
        {
          "layoutItemProperties": {
            "justifyContent": "left",
            "alignItems": "top",
            "textAlign": "left",
            "color": null,
            "bgcolor": null
          },
          "widgetGID": "aiverify.stock.process_checklist:summary_human_agency_oversight",
          "key": "1684929886817",
          "properties": null
        },
        {
          "layoutItemProperties": {
            "justifyContent": "left",
            "alignItems": "center",
            "textAlign": "left",
            "color": null,
            "bgcolor": null
          },
          "widgetGID": "aiverify.stock.process_checklist:principle_summary_header",
          "key": "1685890498307",
          "properties": {
            "principle": "Human Agency & Oversight"
          }
        }
      ]
    },
    {
      "layouts": [
        {
          "i": "1684929896385",
          "x": 0,
          "y": 2,
          "w": 12,
          "h": 34,
          "maxW": 12,
          "maxH": 36,
          "minW": 12,
          "minH": 10,
          "static": false,
          "isDraggable": null,
          "isResizable": null,
          "resizeHandles": null,
          "isBounded": null
        },
        {
          "i": "1685890535206",
          "x": 0,
          "y": 0,
          "w": 12,
          "h": 2,
          "maxW": 12,
          "maxH": 36,
          "minW": 6,
          "minH": 1,
          "static": false,
          "isDraggable": null,
          "isResizable": null,
          "resizeHandles": null,
          "isBounded": null
        }
      ],
      "reportWidgets": [
        {
          "layoutItemProperties": {
            "justifyContent": "left",
            "alignItems": "top",
            "textAlign": "left",
            "color": null,
            "bgcolor": null
          },
          "widgetGID": "aiverify.stock.process_checklist:summary_inclusive_growth",
          "key": "1684929896385",
          "properties": null
        },
        {
          "layoutItemProperties": {
            "justifyContent": "left",
            "alignItems": "center",
            "textAlign": "left",
            "color": null,
            "bgcolor": null
          },
          "widgetGID": "aiverify.stock.process_checklist:principle_summary_header",
          "key": "1685890535206",
          "properties": {
            "principle": "Inclusive Growth, Societal & Environmental Well-being"
          }
        }
      ]
    },
    {
      "layouts": [
        {
          "i": "1696318155552",
          "x": 0,
          "y": 2,
          "w": 12,
          "h": 34,
          "maxW": 12,
          "maxH": 36,
          "minW": 12,
          "minH": 10,
          "static": false,
          "isDraggable": null,
          "isResizable": null,
          "resizeHandles": null,
          "isBounded": null
        },
        {
          "i": "1696318190927",
          "x": 0,
          "y": 0,
          "w": 12,
          "h": 2,
          "maxW": 12,
          "maxH": 36,
          "minW": 6,
          "minH": 1,
          "static": false,
          "isDraggable": null,
          "isResizable": null,
          "resizeHandles": null,
          "isBounded": null
        }
      ],
      "reportWidgets": [
        {
          "layoutItemProperties": {
            "justifyContent": "left",
            "alignItems": "top",
            "textAlign": "left",
            "color": null,
            "bgcolor": null
          },
          "widgetGID": "aiverify.stock.process_checklist:summary_organisational_considerations",
          "key": "1696318155552",
          "properties": null
        },
        {
          "layoutItemProperties": {
            "justifyContent": "left",
            "alignItems": "center",
            "textAlign": "left",
            "color": null,
            "bgcolor": null
          },
          "widgetGID": "aiverify.stock.process_checklist:principle_summary_header",
          "key": "1696318190927",
          "properties": {
            "principle": "Organisational Considerations"
          }
        }
      ]
    },
    {
      "layouts": [
        {
          "i": "1684930052804",
          "x": 0,
          "y": 0,
          "w": 12,
          "h": 36,
          "maxW": 12,
          "maxH": 36,
          "minW": 12,
          "minH": 36,
          "static": false,
          "isDraggable": null,
          "isResizable": null,
          "resizeHandles": null,
          "isBounded": null
        }
      ],
      "reportWidgets": [
        {
          "layoutItemProperties": {
            "justifyContent": "left",
            "alignItems": "top",
            "textAlign": "left",
            "color": "#ffffff",
            "bgcolor": "#702f8a"
          },
          "widgetGID": "aiverify.stock.reports:cover_page_section",
          "key": "1684930052804",
          "properties": {
            "sectionTitle": "Process Checklists",
            "sectionSubTitle": "Annex A"
          }
        }
      ]
    },
    {
      "layouts": [
        {
          "i": "1685516568279",
          "x": 0,
          "y": 0,
          "w": 12,
          "h": 1,
          "maxW": 12,
          "maxH": 36,
          "minW": 1,
          "minH": 1,
          "static": false,
          "isDraggable": null,
          "isResizable": null,
          "resizeHandles": null,
          "isBounded": null
        },
        {
          "i": "1685516588483",
          "x": 0,
          "y": 1,
          "w": 12,
          "h": 1,
          "maxW": 12,
          "maxH": 36,
          "minW": 12,
          "minH": 1,
          "static": false,
          "isDraggable": null,
          "isResizable": null,
          "resizeHandles": null,
          "isBounded": null
        },
        {
          "i": "1689037960180",
          "x": 0,
          "y": 2,
          "w": 12,
          "h": 34,
          "maxW": 12,
          "maxH": 36,
          "minW": 12,
          "minH": 10,
          "static": false,
          "isDraggable": null,
          "isResizable": null,
          "resizeHandles": null,
          "isBounded": null
        }
      ],
      "reportWidgets": [
        {
          "layoutItemProperties": {
            "justifyContent": "left",
            "alignItems": "center",
            "textAlign": "left",
            "color": null,
            "bgcolor": null
          },
          "widgetGID": "aiverify.stock.reports:page_title2",
          "key": "1685516568279",
          "properties": {
            "title": "Transparency"
          }
        },
        {
          "layoutItemProperties": {
            "justifyContent": "left",
            "alignItems": "top",
            "textAlign": "left",
            "color": null,
            "bgcolor": null
          },
          "widgetGID": "aiverify.stock.reports:page_divider",
          "key": "1685516588483",
          "properties": null
        },
        {
          "layoutItemProperties": {
            "justifyContent": "left",
            "alignItems": "top",
            "textAlign": "left",
            "color": null,
            "bgcolor": null
          },
          "widgetGID": "aiverify.stock.process_checklist:transparency_responses",
          "key": "1689037960180",
          "properties": null
        }
      ]
    },
    {
      "layouts": [
        {
          "i": "1685516652952",
          "x": 0,
          "y": 0,
          "w": 12,
          "h": 1,
          "maxW": 12,
          "maxH": 36,
          "minW": 1,
          "minH": 1,
          "static": false,
          "isDraggable": null,
          "isResizable": null,
          "resizeHandles": null,
          "isBounded": null
        },
        {
          "i": "1685516667515",
          "x": 0,
          "y": 1,
          "w": 12,
          "h": 1,
          "maxW": 12,
          "maxH": 36,
          "minW": 12,
          "minH": 1,
          "static": false,
          "isDraggable": null,
          "isResizable": null,
          "resizeHandles": null,
          "isBounded": null
        },
        {
          "i": "1689038035534",
          "x": 0,
          "y": 2,
          "w": 12,
          "h": 34,
          "maxW": 12,
          "maxH": 36,
          "minW": 12,
          "minH": 10,
          "static": false,
          "isDraggable": null,
          "isResizable": null,
          "resizeHandles": null,
          "isBounded": null
        }
      ],
      "reportWidgets": [
        {
          "layoutItemProperties": {
            "justifyContent": "left",
            "alignItems": "center",
            "textAlign": "left",
            "color": null,
            "bgcolor": null
          },
          "widgetGID": "aiverify.stock.reports:page_title2",
          "key": "1685516652952",
          "properties": {
            "title": "Explainability"
          }
        },
        {
          "layoutItemProperties": {
            "justifyContent": "left",
            "alignItems": "top",
            "textAlign": "left",
            "color": null,
            "bgcolor": null
          },
          "widgetGID": "aiverify.stock.reports:page_divider",
          "key": "1685516667515",
          "properties": null
        },
        {
          "layoutItemProperties": {
            "justifyContent": "left",
            "alignItems": "top",
            "textAlign": "left",
            "color": null,
            "bgcolor": null
          },
          "widgetGID": "aiverify.stock.process_checklist:explainability_responses",
          "key": "1689038035534",
          "properties": null
        }
      ]
    },
    {
      "layouts": [
        {
          "i": "1685516702631",
          "x": 0,
          "y": 0,
          "w": 12,
          "h": 1,
          "maxW": 12,
          "maxH": 36,
          "minW": 1,
          "minH": 1,
          "static": false,
          "isDraggable": null,
          "isResizable": null,
          "resizeHandles": null,
          "isBounded": null
        },
        {
          "i": "1685516785323",
          "x": 0,
          "y": 1,
          "w": 12,
          "h": 1,
          "maxW": 12,
          "maxH": 36,
          "minW": 12,
          "minH": 1,
          "static": false,
          "isDraggable": null,
          "isResizable": null,
          "resizeHandles": null,
          "isBounded": null
        },
        {
          "i": "1689038053574",
          "x": 0,
          "y": 2,
          "w": 12,
          "h": 34,
          "maxW": 12,
          "maxH": 36,
          "minW": 12,
          "minH": 10,
          "static": false,
          "isDraggable": null,
          "isResizable": null,
          "resizeHandles": null,
          "isBounded": null
        }
      ],
      "reportWidgets": [
        {
          "layoutItemProperties": {
            "justifyContent": "left",
            "alignItems": "center",
            "textAlign": "left",
            "color": null,
            "bgcolor": null
          },
          "widgetGID": "aiverify.stock.reports:page_title2",
          "key": "1685516702631",
          "properties": {
            "title": "Repeatability / Reproducibility"
          }
        },
        {
          "layoutItemProperties": {
            "justifyContent": "left",
            "alignItems": "top",
            "textAlign": "left",
            "color": null,
            "bgcolor": null
          },
          "widgetGID": "aiverify.stock.reports:page_divider",
          "key": "1685516785323",
          "properties": null
        },
        {
          "layoutItemProperties": {
            "justifyContent": "left",
            "alignItems": "top",
            "textAlign": "left",
            "color": null,
            "bgcolor": null
          },
          "widgetGID": "aiverify.stock.process_checklist:reproducibility_responses",
          "key": "1689038053574",
          "properties": null
        }
      ]
    },
    {
      "layouts": [
        {
          "i": "1685518190185",
          "x": 0,
          "y": 0,
          "w": 12,
          "h": 1,
          "maxW": 12,
          "maxH": 36,
          "minW": 1,
          "minH": 1,
          "static": false,
          "isDraggable": null,
          "isResizable": null,
          "resizeHandles": null,
          "isBounded": null
        },
        {
          "i": "1685518211988",
          "x": 0,
          "y": 1,
          "w": 12,
          "h": 1,
          "maxW": 12,
          "maxH": 36,
          "minW": 12,
          "minH": 1,
          "static": false,
          "isDraggable": null,
          "isResizable": null,
          "resizeHandles": null,
          "isBounded": null
        },
        {
          "i": "1689038119514",
          "x": 0,
          "y": 2,
          "w": 12,
          "h": 34,
          "maxW": 12,
          "maxH": 36,
          "minW": 12,
          "minH": 10,
          "static": false,
          "isDraggable": null,
          "isResizable": null,
          "resizeHandles": null,
          "isBounded": null
        }
      ],
      "reportWidgets": [
        {
          "layoutItemProperties": {
            "justifyContent": "left",
            "alignItems": "center",
            "textAlign": "left",
            "color": null,
            "bgcolor": null
          },
          "widgetGID": "aiverify.stock.reports:page_title2",
          "key": "1685518190185",
          "properties": {
            "title": "Safety"
          }
        },
        {
          "layoutItemProperties": {
            "justifyContent": "left",
            "alignItems": "top",
            "textAlign": "left",
            "color": null,
            "bgcolor": null
          },
          "widgetGID": "aiverify.stock.reports:page_divider",
          "key": "1685518211988",
          "properties": null
        },
        {
          "layoutItemProperties": {
            "justifyContent": "left",
            "alignItems": "top",
            "textAlign": "left",
            "color": null,
            "bgcolor": null
          },
          "widgetGID": "aiverify.stock.process_checklist:safety_responses",
          "key": "1689038119514",
          "properties": null
        }
      ]
    },
    {
      "layouts": [
        {
          "i": "1685518525074",
          "x": 0,
          "y": 0,
          "w": 12,
          "h": 1,
          "maxW": 12,
          "maxH": 36,
          "minW": 1,
          "minH": 1,
          "static": false,
          "isDraggable": null,
          "isResizable": null,
          "resizeHandles": null,
          "isBounded": null
        },
        {
          "i": "1685518538928",
          "x": 0,
          "y": 1,
          "w": 12,
          "h": 1,
          "maxW": 12,
          "maxH": 36,
          "minW": 12,
          "minH": 1,
          "static": false,
          "isDraggable": null,
          "isResizable": null,
          "resizeHandles": null,
          "isBounded": null
        },
        {
          "i": "1689038150392",
          "x": 0,
          "y": 2,
          "w": 12,
          "h": 34,
          "maxW": 12,
          "maxH": 36,
          "minW": 12,
          "minH": 10,
          "static": false,
          "isDraggable": null,
          "isResizable": null,
          "resizeHandles": null,
          "isBounded": null
        }
      ],
      "reportWidgets": [
        {
          "layoutItemProperties": {
            "justifyContent": "left",
            "alignItems": "center",
            "textAlign": "left",
            "color": null,
            "bgcolor": null
          },
          "widgetGID": "aiverify.stock.reports:page_title2",
          "key": "1685518525074",
          "properties": {
            "title": "Security"
          }
        },
        {
          "layoutItemProperties": {
            "justifyContent": "left",
            "alignItems": "top",
            "textAlign": "left",
            "color": null,
            "bgcolor": null
          },
          "widgetGID": "aiverify.stock.reports:page_divider",
          "key": "1685518538928",
          "properties": null
        },
        {
          "layoutItemProperties": {
            "justifyContent": "left",
            "alignItems": "top",
            "textAlign": "left",
            "color": null,
            "bgcolor": null
          },
          "widgetGID": "aiverify.stock.process_checklist:security_responses",
          "key": "1689038150392",
          "properties": null
        }
      ]
    },
    {
      "layouts": [
        {
          "i": "1685518730146",
          "x": 0,
          "y": 0,
          "w": 12,
          "h": 1,
          "maxW": 12,
          "maxH": 36,
          "minW": 1,
          "minH": 1,
          "static": false,
          "isDraggable": null,
          "isResizable": null,
          "resizeHandles": null,
          "isBounded": null
        },
        {
          "i": "1685518757391",
          "x": 0,
          "y": 1,
          "w": 12,
          "h": 1,
          "maxW": 12,
          "maxH": 36,
          "minW": 12,
          "minH": 1,
          "static": false,
          "isDraggable": null,
          "isResizable": null,
          "resizeHandles": null,
          "isBounded": null
        },
        {
          "i": "1689038218493",
          "x": 0,
          "y": 2,
          "w": 12,
          "h": 34,
          "maxW": 12,
          "maxH": 36,
          "minW": 12,
          "minH": 10,
          "static": false,
          "isDraggable": null,
          "isResizable": null,
          "resizeHandles": null,
          "isBounded": null
        }
      ],
      "reportWidgets": [
        {
          "layoutItemProperties": {
            "justifyContent": "left",
            "alignItems": "center",
            "textAlign": "left",
            "color": null,
            "bgcolor": null
          },
          "widgetGID": "aiverify.stock.reports:page_title2",
          "key": "1685518730146",
          "properties": {
            "title": "Robustness"
          }
        },
        {
          "layoutItemProperties": {
            "justifyContent": "left",
            "alignItems": "top",
            "textAlign": "left",
            "color": null,
            "bgcolor": null
          },
          "widgetGID": "aiverify.stock.reports:page_divider",
          "key": "1685518757391",
          "properties": null
        },
        {
          "layoutItemProperties": {
            "justifyContent": "left",
            "alignItems": "top",
            "textAlign": "left",
            "color": null,
            "bgcolor": null
          },
          "widgetGID": "aiverify.stock.process_checklist:robustness_responses",
          "key": "1689038218493",
          "properties": null
        }
      ]
    },
    {
      "layouts": [
        {
          "i": "1685518860877",
          "x": 0,
          "y": 0,
          "w": 12,
          "h": 1,
          "maxW": 12,
          "maxH": 36,
          "minW": 1,
          "minH": 1,
          "static": false,
          "isDraggable": null,
          "isResizable": null,
          "resizeHandles": null,
          "isBounded": null
        },
        {
          "i": "1685518875495",
          "x": 0,
          "y": 1,
          "w": 12,
          "h": 1,
          "maxW": 12,
          "maxH": 36,
          "minW": 12,
          "minH": 1,
          "static": false,
          "isDraggable": null,
          "isResizable": null,
          "resizeHandles": null,
          "isBounded": null
        },
        {
          "i": "1689038282752",
          "x": 0,
          "y": 2,
          "w": 12,
          "h": 34,
          "maxW": 12,
          "maxH": 36,
          "minW": 12,
          "minH": 6,
          "static": false,
          "isDraggable": null,
          "isResizable": null,
          "resizeHandles": null,
          "isBounded": null
        }
      ],
      "reportWidgets": [
        {
          "layoutItemProperties": {
            "justifyContent": "left",
            "alignItems": "center",
            "textAlign": "left",
            "color": null,
            "bgcolor": null
          },
          "widgetGID": "aiverify.stock.reports:page_title2",
          "key": "1685518860877",
          "properties": {
            "title": "Fairness"
          }
        },
        {
          "layoutItemProperties": {
            "justifyContent": "left",
            "alignItems": "top",
            "textAlign": "left",
            "color": null,
            "bgcolor": null
          },
          "widgetGID": "aiverify.stock.reports:page_divider",
          "key": "1685518875495",
          "properties": null
        },
        {
          "layoutItemProperties": {
            "justifyContent": "left",
            "alignItems": "top",
            "textAlign": "left",
            "color": null,
            "bgcolor": null
          },
          "widgetGID": "aiverify.stock.process_checklist:fairness_responses",
          "key": "1689038282752",
          "properties": null
        }
      ]
    },
    {
      "layouts": [
        {
          "i": "1685519288011",
          "x": 0,
          "y": 0,
          "w": 12,
          "h": 1,
          "maxW": 12,
          "maxH": 36,
          "minW": 1,
          "minH": 1,
          "static": false,
          "isDraggable": null,
          "isResizable": null,
          "resizeHandles": null,
          "isBounded": null
        },
        {
          "i": "1685519317659",
          "x": 0,
          "y": 1,
          "w": 12,
          "h": 1,
          "maxW": 12,
          "maxH": 36,
          "minW": 12,
          "minH": 1,
          "static": false,
          "isDraggable": null,
          "isResizable": null,
          "resizeHandles": null,
          "isBounded": null
        },
        {
          "i": "1689038305748",
          "x": 0,
          "y": 2,
          "w": 12,
          "h": 34,
          "maxW": 12,
          "maxH": 36,
          "minW": 12,
          "minH": 10,
          "static": false,
          "isDraggable": null,
          "isResizable": null,
          "resizeHandles": null,
          "isBounded": null
        }
      ],
      "reportWidgets": [
        {
          "layoutItemProperties": {
            "justifyContent": "left",
            "alignItems": "center",
            "textAlign": "left",
            "color": null,
            "bgcolor": null
          },
          "widgetGID": "aiverify.stock.reports:page_title2",
          "key": "1685519288011",
          "properties": {
            "title": "Data Governance"
          }
        },
        {
          "layoutItemProperties": {
            "justifyContent": "left",
            "alignItems": "top",
            "textAlign": "left",
            "color": null,
            "bgcolor": null
          },
          "widgetGID": "aiverify.stock.reports:page_divider",
          "key": "1685519317659",
          "properties": null
        },
        {
          "layoutItemProperties": {
            "justifyContent": "left",
            "alignItems": "top",
            "textAlign": "left",
            "color": null,
            "bgcolor": null
          },
          "widgetGID": "aiverify.stock.process_checklist:data_governance_responses",
          "key": "1689038305748",
          "properties": null
        }
      ]
    },
    {
      "layouts": [
        {
          "i": "1685519496618",
          "x": 0,
          "y": 0,
          "w": 12,
          "h": 1,
          "maxW": 12,
          "maxH": 36,
          "minW": 1,
          "minH": 1,
          "static": false,
          "isDraggable": null,
          "isResizable": null,
          "resizeHandles": null,
          "isBounded": null
        },
        {
          "i": "1685519519853",
          "x": 0,
          "y": 1,
          "w": 12,
          "h": 1,
          "maxW": 12,
          "maxH": 36,
          "minW": 12,
          "minH": 1,
          "static": false,
          "isDraggable": null,
          "isResizable": null,
          "resizeHandles": null,
          "isBounded": null
        },
        {
          "i": "1689038357949",
          "x": 0,
          "y": 2,
          "w": 12,
          "h": 34,
          "maxW": 12,
          "maxH": 36,
          "minW": 12,
          "minH": 10,
          "static": false,
          "isDraggable": null,
          "isResizable": null,
          "resizeHandles": null,
          "isBounded": null
        }
      ],
      "reportWidgets": [
        {
          "layoutItemProperties": {
            "justifyContent": "left",
            "alignItems": "center",
            "textAlign": "left",
            "color": null,
            "bgcolor": null
          },
          "widgetGID": "aiverify.stock.reports:page_title2",
          "key": "1685519496618",
          "properties": {
            "title": "Accountability"
          }
        },
        {
          "layoutItemProperties": {
            "justifyContent": "left",
            "alignItems": "top",
            "textAlign": "left",
            "color": null,
            "bgcolor": null
          },
          "widgetGID": "aiverify.stock.reports:page_divider",
          "key": "1685519519853",
          "properties": null
        },
        {
          "layoutItemProperties": {
            "justifyContent": "left",
            "alignItems": "top",
            "textAlign": "left",
            "color": null,
            "bgcolor": null
          },
          "widgetGID": "aiverify.stock.process_checklist:accountability_responses",
          "key": "1689038357949",
          "properties": null
        }
      ]
    },
    {
      "layouts": [
        {
          "i": "1685519678334",
          "x": 0,
          "y": 0,
          "w": 12,
          "h": 1,
          "maxW": 12,
          "maxH": 36,
          "minW": 1,
          "minH": 1,
          "static": false,
          "isDraggable": null,
          "isResizable": null,
          "resizeHandles": null,
          "isBounded": null
        },
        {
          "i": "1685519702139",
          "x": 0,
          "y": 1,
          "w": 12,
          "h": 1,
          "maxW": 12,
          "maxH": 36,
          "minW": 12,
          "minH": 1,
          "static": false,
          "isDraggable": null,
          "isResizable": null,
          "resizeHandles": null,
          "isBounded": null
        },
        {
          "i": "1689038400593",
          "x": 0,
          "y": 2,
          "w": 12,
          "h": 34,
          "maxW": 12,
          "maxH": 36,
          "minW": 12,
          "minH": 10,
          "static": false,
          "isDraggable": null,
          "isResizable": null,
          "resizeHandles": null,
          "isBounded": null
        }
      ],
      "reportWidgets": [
        {
          "layoutItemProperties": {
            "justifyContent": "left",
            "alignItems": "center",
            "textAlign": "left",
            "color": null,
            "bgcolor": null
          },
          "widgetGID": "aiverify.stock.reports:page_title2",
          "key": "1685519678334",
          "properties": {
            "title": "Human Agency & Oversight"
          }
        },
        {
          "layoutItemProperties": {
            "justifyContent": "left",
            "alignItems": "top",
            "textAlign": "left",
            "color": null,
            "bgcolor": null
          },
          "widgetGID": "aiverify.stock.reports:page_divider",
          "key": "1685519702139",
          "properties": null
        },
        {
          "layoutItemProperties": {
            "justifyContent": "left",
            "alignItems": "top",
            "textAlign": "left",
            "color": null,
            "bgcolor": null
          },
          "widgetGID": "aiverify.stock.process_checklist:human_agency_oversight_responses",
          "key": "1689038400593",
          "properties": null
        }
      ]
    },
    {
      "layouts": [
        {
          "i": "1685519866335",
          "x": 0,
          "y": 0,
          "w": 12,
          "h": 1,
          "maxW": 12,
          "maxH": 36,
          "minW": 1,
          "minH": 1,
          "static": false,
          "isDraggable": null,
          "isResizable": null,
          "resizeHandles": null,
          "isBounded": null
        },
        {
          "i": "1685519928964",
          "x": 0,
          "y": 1,
          "w": 12,
          "h": 1,
          "maxW": 12,
          "maxH": 36,
          "minW": 12,
          "minH": 1,
          "static": false,
          "isDraggable": null,
          "isResizable": null,
          "resizeHandles": null,
          "isBounded": null
        },
        {
          "i": "1689038443355",
          "x": 0,
          "y": 2,
          "w": 12,
          "h": 34,
          "maxW": 12,
          "maxH": 36,
          "minW": 12,
          "minH": 10,
          "static": false,
          "isDraggable": null,
          "isResizable": null,
          "resizeHandles": null,
          "isBounded": null
        }
      ],
      "reportWidgets": [
        {
          "layoutItemProperties": {
            "justifyContent": "left",
            "alignItems": "center",
            "textAlign": "left",
            "color": null,
            "bgcolor": null
          },
          "widgetGID": "aiverify.stock.reports:page_title2",
          "key": "1685519866335",
          "properties": {
            "title": "Inclusive Growth, Societal & Environmental Well-Being"
          }
        },
        {
          "layoutItemProperties": {
            "justifyContent": "left",
            "alignItems": "top",
            "textAlign": "left",
            "color": null,
            "bgcolor": null
          },
          "widgetGID": "aiverify.stock.reports:page_divider",
          "key": "1685519928964",
          "properties": null
        },
        {
          "layoutItemProperties": {
            "justifyContent": "left",
            "alignItems": "top",
            "textAlign": "left",
            "color": null,
            "bgcolor": null
          },
          "widgetGID": "aiverify.stock.process_checklist:inclusive_growth_responses",
          "key": "1689038443355",
          "properties": null
        }
      ]
    },
    {
      "layouts": [
        {
          "i": "1696318292761",
          "x": 0,
          "y": 0,
          "w": 12,
          "h": 1,
          "maxW": 12,
          "maxH": 36,
          "minW": 1,
          "minH": 1,
          "static": false,
          "isDraggable": null,
          "isResizable": null,
          "resizeHandles": null,
          "isBounded": null
        },
        {
          "i": "1696318333665",
          "x": 0,
          "y": 1,
          "w": 12,
          "h": 1,
          "maxW": 12,
          "maxH": 36,
          "minW": 12,
          "minH": 1,
          "static": false,
          "isDraggable": null,
          "isResizable": null,
          "resizeHandles": null,
          "isBounded": null
        },
        {
          "i": "1696318354512",
          "x": 0,
          "y": 2,
          "w": 12,
          "h": 34,
          "maxW": 12,
          "maxH": 36,
          "minW": 12,
          "minH": 10,
          "static": false,
          "isDraggable": null,
          "isResizable": null,
          "resizeHandles": null,
          "isBounded": null
        }
      ],
      "reportWidgets": [
        {
          "layoutItemProperties": {
            "justifyContent": "left",
            "alignItems": "center",
            "textAlign": "left",
            "color": null,
            "bgcolor": null
          },
          "widgetGID": "aiverify.stock.reports:page_title2",
          "key": "1696318292761",
          "properties": {
            "title": "Organisational Considerations"
          }
        },
        {
          "layoutItemProperties": {
            "justifyContent": "left",
            "alignItems": "top",
            "textAlign": "left",
            "color": null,
            "bgcolor": null
          },
          "widgetGID": "aiverify.stock.reports:page_divider",
          "key": "1696318333665",
          "properties": null
        },
        {
          "layoutItemProperties": {
            "justifyContent": "left",
            "alignItems": "top",
            "textAlign": "left",
            "color": null,
            "bgcolor": null
          },
          "widgetGID": "aiverify.stock.process_checklist:organisational_considerations_responses",
          "key": "1696318354512",
          "properties": null
        }
      ]
    },
    {
      "layouts": [
        {
          "i": "1684934721040",
          "x": 0,
          "y": 0,
          "w": 12,
          "h": 36,
          "maxW": 12,
          "maxH": 36,
          "minW": 12,
          "minH": 36,
          "static": false,
          "isDraggable": null,
          "isResizable": null,
          "resizeHandles": null,
          "isBounded": null
        }
      ],
      "reportWidgets": [
        {
          "layoutItemProperties": {
            "justifyContent": "left",
            "alignItems": "top",
            "textAlign": "left",
            "color": "#ffffff",
            "bgcolor": "#702f8a"
          },
          "widgetGID": "aiverify.stock.reports:cover_page_section",
          "key": "1684934721040",
          "properties": {
            "sectionTitle": "Technical Tests",
            "sectionSubTitle": "Annex B"
          }
        }
      ]
    },
    {
      "layouts": [
        {
          "i": "1684935321439",
          "x": 0,
          "y": 0,
          "w": 12,
          "h": 2,
          "maxW": 12,
          "maxH": 36,
          "minW": 1,
          "minH": 2,
          "static": false,
          "isDraggable": null,
          "isResizable": null,
          "resizeHandles": null,
          "isBounded": null
        },
        {
          "i": "1685630872994",
          "x": 0,
          "y": 2,
          "w": 12,
          "h": 5,
          "maxW": 12,
          "maxH": 36,
          "minW": 12,
          "minH": 3,
          "static": false,
          "isDraggable": null,
          "isResizable": null,
          "resizeHandles": null,
          "isBounded": null
        }
      ],
      "reportWidgets": [
        {
          "layoutItemProperties": {
            "justifyContent": "left",
            "alignItems": "center",
            "textAlign": "left",
            "color": null,
            "bgcolor": null
          },
          "widgetGID": "aiverify.stock.reports:page_title1",
          "key": "1684935321439",
          "properties": {
            "title": "Fairness Test"
          }
        },
        {
          "layoutItemProperties": {
            "justifyContent": "left",
            "alignItems": "center",
            "textAlign": "left",
            "color": null,
            "bgcolor": null
          },
          "widgetGID": "aiverify.stock.reports:intro_fairness",
          "key": "1685630872994",
          "properties": null
        }
      ]
    },
    {
      "layouts": [
        {
          "i": "1685890868490",
          "x": 0,
          "y": 0,
          "w": 12,
          "h": 36,
          "maxW": 12,
          "maxH": 36,
          "minW": 6,
          "minH": 3,
          "static": false,
          "isDraggable": null,
          "isResizable": null,
          "resizeHandles": null,
          "isBounded": null
        }
      ],
      "reportWidgets": [
        {
          "layoutItemProperties": {
            "justifyContent": "left",
            "alignItems": "top",
            "textAlign": "left",
            "color": null,
            "bgcolor": null
          },
          "widgetGID": "aiverify.stock.fairness_metrics_toolbox_for_classification:technical_fairness_metrics_desc",
          "key": "1685890868490",
          "properties": null
        }
      ]
    },
    {
      "layouts": [
        {
          "i": "1685890928241",
          "x": 0,
          "y": 0,
          "w": 12,
          "h": 36,
          "maxW": 12,
          "maxH": 36,
          "minW": 12,
          "minH": 15,
          "static": false,
          "isDraggable": null,
          "isResizable": null,
          "resizeHandles": null,
          "isBounded": null
        }
      ],
      "reportWidgets": [
        {
          "layoutItemProperties": {
            "justifyContent": "left",
            "alignItems": "top",
            "textAlign": "left",
            "color": null,
            "bgcolor": null
          },
          "widgetGID": "aiverify.stock.fairness_metrics_toolbox_for_classification:technical_metrics",
          "key": "1685890928241",
          "properties": null
        }
      ]
    },
    {
      "layouts": [
        {
          "i": "1684935391519",
          "x": 0,
          "y": 0,
          "w": 12,
          "h": 2,
          "maxW": 12,
          "maxH": 36,
          "minW": 1,
          "minH": 2,
          "static": false,
          "isDraggable": null,
          "isResizable": null,
          "resizeHandles": null,
          "isBounded": null
        },
        {
          "i": "1685630924980",
          "x": 0,
          "y": 2,
          "w": 12,
          "h": 6,
          "maxW": 12,
          "maxH": 36,
          "minW": 12,
          "minH": 5,
          "static": false,
          "isDraggable": null,
          "isResizable": null,
          "resizeHandles": null,
          "isBounded": null
        }
      ],
      "reportWidgets": [
        {
          "layoutItemProperties": {
            "justifyContent": "left",
            "alignItems": "center",
            "textAlign": "left",
            "color": null,
            "bgcolor": null
          },
          "widgetGID": "aiverify.stock.reports:page_title1",
          "key": "1684935391519",
          "properties": {
            "title": "Robustness Test"
          }
        },
        {
          "layoutItemProperties": {
            "justifyContent": "left",
            "alignItems": "center",
            "textAlign": "left",
            "color": null,
            "bgcolor": null
          },
          "widgetGID": "aiverify.stock.reports:intro_robustness",
          "key": "1685630924980",
          "properties": null
        }
      ]
    },
    {
      "layouts": [
        {
          "i": "1685891029275",
          "x": 0,
          "y": 1,
          "w": 12,
          "h": 35,
          "maxW": 12,
          "maxH": 36,
          "minW": 12,
          "minH": 18,
          "static": false,
          "isDraggable": null,
          "isResizable": null,
          "resizeHandles": null,
          "isBounded": null
        },
        {
          "i": "1685894027970",
          "x": 0,
          "y": 0,
          "w": 12,
          "h": 1,
          "maxW": 12,
          "maxH": 36,
          "minW": 1,
          "minH": 1,
          "static": false,
          "isDraggable": null,
          "isResizable": null,
          "resizeHandles": null,
          "isBounded": null
        }
      ],
      "reportWidgets": [
        {
          "layoutItemProperties": {
            "justifyContent": "left",
            "alignItems": "top",
            "textAlign": "left",
            "color": null,
            "bgcolor": null
          },
          "widgetGID": "aiverify.stock.robustness_toolbox:technical_description",
          "key": "1685891029275",
          "properties": null
        },
        {
          "layoutItemProperties": {
            "justifyContent": "left",
            "alignItems": "center",
            "textAlign": "left",
            "color": null,
            "bgcolor": null
          },
          "widgetGID": "aiverify.stock.reports:page_title2",
          "key": "1685894027970",
          "properties": {
            "title": "Robustness Toolbox"
          }
        }
      ]
    },
    {
      "layouts": [
        {
          "i": "1684935593421",
          "x": 0,
          "y": 0,
          "w": 12,
          "h": 2,
          "maxW": 12,
          "maxH": 36,
          "minW": 1,
          "minH": 2,
          "static": false,
          "isDraggable": null,
          "isResizable": null,
          "resizeHandles": null,
          "isBounded": null
        },
        {
          "i": "1685630985111",
          "x": 0,
          "y": 2,
          "w": 12,
          "h": 7,
          "maxW": 12,
          "maxH": 36,
          "minW": 12,
          "minH": 4,
          "static": false,
          "isDraggable": null,
          "isResizable": null,
          "resizeHandles": null,
          "isBounded": null
        }
      ],
      "reportWidgets": [
        {
          "layoutItemProperties": {
            "justifyContent": "left",
            "alignItems": "top",
            "textAlign": "left",
            "color": null,
            "bgcolor": null
          },
          "widgetGID": "aiverify.stock.reports:page_title1",
          "key": "1684935593421",
          "properties": {
            "title": "Explainability Test"
          }
        },
        {
          "layoutItemProperties": {
            "justifyContent": "left",
            "alignItems": "center",
            "textAlign": "left",
            "color": null,
            "bgcolor": null
          },
          "widgetGID": "aiverify.stock.reports:intro_explain",
          "key": "1685630985111",
          "properties": null
        }
      ]
    },
    {
      "layouts": [
        {
          "i": "1685891206589",
          "x": 0,
          "y": 0,
          "w": 12,
          "h": 3,
          "maxW": 12,
          "maxH": 36,
          "minW": 4,
          "minH": 2,
          "static": false,
          "isDraggable": null,
          "isResizable": null,
          "resizeHandles": null,
          "isBounded": null
        },
        {
          "i": "1685891214915",
          "x": 0,
          "y": 3,
          "w": 12,
          "h": 7,
          "maxW": 12,
          "maxH": 36,
          "minW": 2,
          "minH": 2,
          "static": false,
          "isDraggable": null,
          "isResizable": null,
          "resizeHandles": null,
          "isBounded": null
        },
        {
          "i": "1685891223150",
          "x": 0,
          "y": 10,
          "w": 12,
          "h": 19,
          "maxW": 12,
          "maxH": 36,
          "minW": 12,
          "minH": 16,
          "static": false,
          "isDraggable": null,
          "isResizable": null,
          "resizeHandles": null,
          "isBounded": null
        },
        {
          "i": "1685891232501",
          "x": 0,
          "y": 29,
          "w": 12,
          "h": 7,
          "maxW": 12,
          "maxH": 36,
          "minW": 2,
          "minH": 2,
          "static": false,
          "isDraggable": null,
          "isResizable": null,
          "resizeHandles": null,
          "isBounded": null
        }
      ],
      "reportWidgets": [
        {
          "layoutItemProperties": {
            "justifyContent": "left",
            "alignItems": "top",
            "textAlign": "left",
            "color": null,
            "bgcolor": null
          },
          "widgetGID": "aiverify.stock.shap_toolbox:introduction",
          "key": "1685891206589",
          "properties": null
        },
        {
          "layoutItemProperties": {
            "justifyContent": "left",
            "alignItems": "top",
            "textAlign": "left",
            "color": null,
            "bgcolor": null
          },
          "widgetGID": "aiverify.stock.shap_toolbox:how_to_read",
          "key": "1685891214915",
          "properties": null
        },
        {
          "layoutItemProperties": {
            "justifyContent": "left",
            "alignItems": "top",
            "textAlign": "left",
            "color": null,
            "bgcolor": null
          },
          "widgetGID": "aiverify.stock.shap_toolbox:global_explainability_chart",
          "key": "1685891223150",
          "properties": {
            "topNFeatures": "20"
          }
        },
        {
          "layoutItemProperties": {
            "justifyContent": "left",
            "alignItems": "top",
            "textAlign": "left",
            "color": null,
            "bgcolor": null
          },
          "widgetGID": "aiverify.stock.shap_toolbox:recommendations",
          "key": "1685891232501",
          "properties": null
        }
      ]
    }
  ],
  "globalVars": [
    {
      "key": "name",
      "value": "AI Verify Summary Report for Classification Model"
    },
    {
      "key": "description",
      "value": "Template AI Verify summary report for classification model"
    },
    {
      "key": "reportTitle",
      "value": "AI Verify Summary Report for Classification Model"
    }
  ]
}