{
    "feature_names": [
        "age",
        "gender",
        "income",
        "race",
        "home_ownership",
        "prior_count",
        "loan_amount",
        "loan_interests"
    ],
    "output_classes": [
        "0",
        "1"
    ],
    "results": [
        [
            [
                {
                    "feature_value": 18.0,
                    "pdp_value": 0.4946655677400131
                },
                {
                    "feature_value": 20.958333333333332,
                    "pdp_value": 0.49466556884725416
                },
                {
                    "feature_value": 23.916666666666668,
                    "pdp_value": 0.49466556995449446
                },
                {
                    "feature_value": 26.875,
                    "pdp_value": 0.4946655710617365
                },
                {
                    "feature_value": 29.833333333333336,
                    "pdp_value": 0.4946655721689771
                },
                {
                    "feature_value": 32.79166666666667,
                    "pdp_value": 0.49466557327621774
                },
                {
                    "feature_value": 35.75,
                    "pdp_value": 0.4946655743834597
                },
                {
                    "feature_value": 38.708333333333336,
                    "pdp_value": 0.49466557549070095
                },
                {
                    "feature_value": 41.66666666666667,
                    "pdp_value": 0.4946655765979408
                },
                {
                    "feature_value": 44.625,
                    "pdp_value": 0.4946655777051835
                },
                {
                    "feature_value": 47.583333333333336,
                    "pdp_value": 0.49466557881242407
                },
                {
                    "feature_value": 50.54166666666667,
                    "pdp_value": 0.4946655799196658
                },
                {
                    "feature_value": 53.5,
                    "pdp_value": 0.49466558102690544
                },
                {
                    "feature_value": 56.458333333333336,
                    "pdp_value": 0.494665582134148
                },
                {
                    "feature_value": 59.41666666666667,
                    "pdp_value": 0.4946655832413879
                },
                {
                    "feature_value": 62.375,
                    "pdp_value": 0.4946655843486293
                },
                {
                    "feature_value": 65.33333333333334,
                    "pdp_value": 0.49466558545587025
                },
                {
                    "feature_value": 68.29166666666667,
                    "pdp_value": 0.49466558656311144
                },
                {
                    "feature_value": 71.25,
                    "pdp_value": 0.49466558767035324
                },
                {
                    "feature_value": 74.20833333333334,
                    "pdp_value": 0.494665588777594
                },
                {
                    "feature_value": 77.16666666666667,
                    "pdp_value": 0.4946655898848344
                },
                {
                    "feature_value": 80.125,
                    "pdp_value": 0.4946655909920764
                },
                {
                    "feature_value": 83.08333333333334,
                    "pdp_value": 0.49466559209931577
                },
                {
                    "feature_value": 86.04166666666667,
                    "pdp_value": 0.49466559320655795
                },
                {
                    "feature_value": 89.0,
                    "pdp_value": 0.49466559431379864
                }
            ],
            [
                {
                    "feature_value": 18.0,
                    "pdp_value": 0.5053344322599868
                },
                {
                    "feature_value": 20.958333333333332,
                    "pdp_value": 0.5053344311527458
                },
                {
                    "feature_value": 23.916666666666668,
                    "pdp_value": 0.5053344300455057
                },
                {
                    "feature_value": 26.875,
                    "pdp_value": 0.5053344289382633
                },
                {
                    "feature_value": 29.833333333333336,
                    "pdp_value": 0.5053344278310231
                },
                {
                    "feature_value": 32.79166666666667,
                    "pdp_value": 0.5053344267237823
                },
                {
                    "feature_value": 35.75,
                    "pdp_value": 0.5053344256165406
                },
                {
                    "feature_value": 38.708333333333336,
                    "pdp_value": 0.5053344245092991
                },
                {
                    "feature_value": 41.66666666666667,
                    "pdp_value": 0.5053344234020593
                },
                {
                    "feature_value": 44.625,
                    "pdp_value": 0.5053344222948166
                },
                {
                    "feature_value": 47.583333333333336,
                    "pdp_value": 0.5053344211875758
                },
                {
                    "feature_value": 50.54166666666667,
                    "pdp_value": 0.505334420080334
                },
                {
                    "feature_value": 53.5,
                    "pdp_value": 0.5053344189730943
                },
                {
                    "feature_value": 56.458333333333336,
                    "pdp_value": 0.5053344178658521
                },
                {
                    "feature_value": 59.41666666666667,
                    "pdp_value": 0.5053344167586123
                },
                {
                    "feature_value": 62.375,
                    "pdp_value": 0.5053344156513705
                },
                {
                    "feature_value": 65.33333333333334,
                    "pdp_value": 0.5053344145441302
                },
                {
                    "feature_value": 68.29166666666667,
                    "pdp_value": 0.5053344134368888
                },
                {
                    "feature_value": 71.25,
                    "pdp_value": 0.5053344123296465
                },
                {
                    "feature_value": 74.20833333333334,
                    "pdp_value": 0.5053344112224061
                },
                {
                    "feature_value": 77.16666666666667,
                    "pdp_value": 0.5053344101151657
                },
                {
                    "feature_value": 80.125,
                    "pdp_value": 0.505334409007923
                },
                {
                    "feature_value": 83.08333333333334,
                    "pdp_value": 0.5053344079006843
                },
                {
                    "feature_value": 86.04166666666667,
                    "pdp_value": 0.5053344067934421
                },
                {
                    "feature_value": 89.0,
                    "pdp_value": 0.5053344056862016
                }
            ]
        ],
        [
            [
                {
                    "feature_value": 0.0,
                    "pdp_value": 0.494665581021488
                },
                {
                    "feature_value": 1.0,
                    "pdp_value": 0.49466558103198305
                }
            ],
            [
                {
                    "feature_value": 0.0,
                    "pdp_value": 0.505334418978512
                },
                {
                    "feature_value": 1.0,
                    "pdp_value": 0.5053344189680169
                }
            ]
        ],
        [
            [
                {
                    "feature_value": 816.642,
                    "pdp_value": 0.48114871113542285
                },
                {
                    "feature_value": 4898.354583333334,
                    "pdp_value": 0.48228840607717577
                },
                {
                    "feature_value": 8980.067166666668,
                    "pdp_value": 0.48342828523628234
                },
                {
                    "feature_value": 13061.77975,
                    "pdp_value": 0.4845683367837576
                },
                {
                    "feature_value": 17143.492333333335,
                    "pdp_value": 0.48570854888345383
                },
                {
                    "feature_value": 21225.204916666666,
                    "pdp_value": 0.48684890969254574
                },
                {
                    "feature_value": 25306.9175,
                    "pdp_value": 0.4879894073620302
                },
                {
                    "feature_value": 29388.630083333333,
                    "pdp_value": 0.4891300300372084
                },
                {
                    "feature_value": 33470.34266666667,
                    "pdp_value": 0.4902707658581873
                },
                {
                    "feature_value": 37552.05525,
                    "pdp_value": 0.4914116029603656
                },
                {
                    "feature_value": 41633.76783333333,
                    "pdp_value": 0.4925525294749259
                },
                {
                    "feature_value": 45715.480416666665,
                    "pdp_value": 0.49369353352933587
                },
                {
                    "feature_value": 49797.193,
                    "pdp_value": 0.4948346032478322
                },
                {
                    "feature_value": 53878.90558333333,
                    "pdp_value": 0.4959757267519194
                },
                {
                    "feature_value": 57960.61816666667,
                    "pdp_value": 0.49711689216086796
                },
                {
                    "feature_value": 62042.33075,
                    "pdp_value": 0.49825808759219653
                },
                {
                    "feature_value": 66124.04333333333,
                    "pdp_value": 0.499399301162181
                },
                {
                    "feature_value": 70205.75591666668,
                    "pdp_value": 0.5005405209863398
                },
                {
                    "feature_value": 74287.4685,
                    "pdp_value": 0.5016817351799331
                },
                {
                    "feature_value": 78369.18108333334,
                    "pdp_value": 0.5028229318584512
                },
                {
                    "feature_value": 82450.89366666667,
                    "pdp_value": 0.5039640991381167
                },
                {
                    "feature_value": 86532.60625000001,
                    "pdp_value": 0.5051052251363753
                },
                {
                    "feature_value": 90614.31883333334,
                    "pdp_value": 0.5062462979723922
                },
                {
                    "feature_value": 94696.03141666668,
                    "pdp_value": 0.5073873057675443
                },
                {
                    "feature_value": 98777.744,
                    "pdp_value": 0.5085282366459144
                }
            ],
            [
                {
                    "feature_value": 816.642,
                    "pdp_value": 0.5188512888645771
                },
                {
                    "feature_value": 4898.354583333334,
                    "pdp_value": 0.5177115939228248
                },
                {
                    "feature_value": 8980.067166666668,
                    "pdp_value": 0.5165717147637183
                },
                {
                    "feature_value": 13061.77975,
                    "pdp_value": 0.5154316632162423
                },
                {
                    "feature_value": 17143.492333333335,
                    "pdp_value": 0.5142914511165463
                },
                {
                    "feature_value": 21225.204916666666,
                    "pdp_value": 0.5131510903074538
                },
                {
                    "feature_value": 25306.9175,
                    "pdp_value": 0.5120105926379696
                },
                {
                    "feature_value": 29388.630083333333,
                    "pdp_value": 0.5108699699627914
                },
                {
                    "feature_value": 33470.34266666667,
                    "pdp_value": 0.5097292341418128
                },
                {
                    "feature_value": 37552.05525,
                    "pdp_value": 0.5085883970396348
                },
                {
                    "feature_value": 41633.76783333333,
                    "pdp_value": 0.5074474705250738
                },
                {
                    "feature_value": 45715.480416666665,
                    "pdp_value": 0.5063064664706647
                },
                {
                    "feature_value": 49797.193,
                    "pdp_value": 0.5051653967521678
                },
                {
                    "feature_value": 53878.90558333333,
                    "pdp_value": 0.5040242732480804
                },
                {
                    "feature_value": 57960.61816666667,
                    "pdp_value": 0.5028831078391324
                },
                {
                    "feature_value": 62042.33075,
                    "pdp_value": 0.5017419124078036
                },
                {
                    "feature_value": 66124.04333333333,
                    "pdp_value": 0.5006006988378191
                },
                {
                    "feature_value": 70205.75591666668,
                    "pdp_value": 0.4994594790136603
                },
                {
                    "feature_value": 74287.4685,
                    "pdp_value": 0.4983182648200669
                },
                {
                    "feature_value": 78369.18108333334,
                    "pdp_value": 0.4971770681415486
                },
                {
                    "feature_value": 82450.89366666667,
                    "pdp_value": 0.4960359008618834
                },
                {
                    "feature_value": 86532.60625000001,
                    "pdp_value": 0.49489477486362493
                },
                {
                    "feature_value": 90614.31883333334,
                    "pdp_value": 0.4937537020276076
                },
                {
                    "feature_value": 94696.03141666668,
                    "pdp_value": 0.49261269423245546
                },
                {
                    "feature_value": 98777.744,
                    "pdp_value": 0.49147176335408604
                }
            ]
        ],
        [
            [
                {
                    "feature_value": 0.0,
                    "pdp_value": 0.4946655810187396
                },
                {
                    "feature_value": 1.0,
                    "pdp_value": 0.4946655810219722
                },
                {
                    "feature_value": 2.0,
                    "pdp_value": 0.4946655810252077
                },
                {
                    "feature_value": 3.0,
                    "pdp_value": 0.49466558102844266
                },
                {
                    "feature_value": 4.0,
                    "pdp_value": 0.4946655810316785
                },
                {
                    "feature_value": 5.0,
                    "pdp_value": 0.4946655810349118
                }
            ],
            [
                {
                    "feature_value": 0.0,
                    "pdp_value": 0.5053344189812603
                },
                {
                    "feature_value": 1.0,
                    "pdp_value": 0.505334418978028
                },
                {
                    "feature_value": 2.0,
                    "pdp_value": 0.5053344189747923
                },
                {
                    "feature_value": 3.0,
                    "pdp_value": 0.5053344189715581
                },
                {
                    "feature_value": 4.0,
                    "pdp_value": 0.505334418968321
                },
                {
                    "feature_value": 5.0,
                    "pdp_value": 0.5053344189650888
                }
            ]
        ],
        [
            [
                {
                    "feature_value": 0.0,
                    "pdp_value": 0.49466558102793434
                },
                {
                    "feature_value": 1.0,
                    "pdp_value": 0.4946655810254311
                }
            ],
            [
                {
                    "feature_value": 0.0,
                    "pdp_value": 0.505334418972066
                },
                {
                    "feature_value": 1.0,
                    "pdp_value": 0.5053344189745693
                }
            ]
        ],
        [
            [
                {
                    "feature_value": 0.0,
                    "pdp_value": 0.4946655677893862
                },
                {
                    "feature_value": 4.083333333333333,
                    "pdp_value": 0.4946655688864733
                },
                {
                    "feature_value": 8.166666666666666,
                    "pdp_value": 0.4946655699835602
                },
                {
                    "feature_value": 12.25,
                    "pdp_value": 0.49466557108064446
                },
                {
                    "feature_value": 16.333333333333332,
                    "pdp_value": 0.4946655721777306
                },
                {
                    "feature_value": 20.416666666666664,
                    "pdp_value": 0.49466557327481525
                },
                {
                    "feature_value": 24.5,
                    "pdp_value": 0.4946655743719028
                },
                {
                    "feature_value": 28.583333333333332,
                    "pdp_value": 0.49466557546898904
                },
                {
                    "feature_value": 32.666666666666664,
                    "pdp_value": 0.4946655765660741
                },
                {
                    "feature_value": 36.75,
                    "pdp_value": 0.4946655776631587
                },
                {
                    "feature_value": 40.83333333333333,
                    "pdp_value": 0.4946655787602439
                },
                {
                    "feature_value": 44.916666666666664,
                    "pdp_value": 0.49466557985732945
                },
                {
                    "feature_value": 49.0,
                    "pdp_value": 0.49466558095441543
                },
                {
                    "feature_value": 53.08333333333333,
                    "pdp_value": 0.4946655820515017
                },
                {
                    "feature_value": 57.166666666666664,
                    "pdp_value": 0.49466558314858794
                },
                {
                    "feature_value": 61.24999999999999,
                    "pdp_value": 0.49466558424567264
                },
                {
                    "feature_value": 65.33333333333333,
                    "pdp_value": 0.4946655853427579
                },
                {
                    "feature_value": 69.41666666666666,
                    "pdp_value": 0.4946655864398444
                },
                {
                    "feature_value": 73.5,
                    "pdp_value": 0.49466558753693063
                },
                {
                    "feature_value": 77.58333333333333,
                    "pdp_value": 0.4946655886340172
                },
                {
                    "feature_value": 81.66666666666666,
                    "pdp_value": 0.49466558973110275
                },
                {
                    "feature_value": 85.75,
                    "pdp_value": 0.4946655908281873
                },
                {
                    "feature_value": 89.83333333333333,
                    "pdp_value": 0.49466559192527176
                },
                {
                    "feature_value": 93.91666666666666,
                    "pdp_value": 0.494665593022358
                },
                {
                    "feature_value": 98.0,
                    "pdp_value": 0.49466559411944516
                }
            ],
            [
                {
                    "feature_value": 0.0,
                    "pdp_value": 0.5053344322106139
                },
                {
                    "feature_value": 4.083333333333333,
                    "pdp_value": 0.5053344311135259
                },
                {
                    "feature_value": 8.166666666666666,
                    "pdp_value": 0.5053344300164399
                },
                {
                    "feature_value": 12.25,
                    "pdp_value": 0.5053344289193559
                },
                {
                    "feature_value": 16.333333333333332,
                    "pdp_value": 0.5053344278222697
                },
                {
                    "feature_value": 20.416666666666664,
                    "pdp_value": 0.5053344267251849
                },
                {
                    "feature_value": 24.5,
                    "pdp_value": 0.5053344256280972
                },
                {
                    "feature_value": 28.583333333333332,
                    "pdp_value": 0.505334424531011
                },
                {
                    "feature_value": 32.666666666666664,
                    "pdp_value": 0.5053344234339263
                },
                {
                    "feature_value": 36.75,
                    "pdp_value": 0.5053344223368412
                },
                {
                    "feature_value": 40.83333333333333,
                    "pdp_value": 0.5053344212397561
                },
                {
                    "feature_value": 44.916666666666664,
                    "pdp_value": 0.5053344201426709
                },
                {
                    "feature_value": 49.0,
                    "pdp_value": 0.5053344190455848
                },
                {
                    "feature_value": 53.08333333333333,
                    "pdp_value": 0.5053344179484983
                },
                {
                    "feature_value": 57.166666666666664,
                    "pdp_value": 0.5053344168514126
                },
                {
                    "feature_value": 61.24999999999999,
                    "pdp_value": 0.5053344157543276
                },
                {
                    "feature_value": 65.33333333333333,
                    "pdp_value": 0.5053344146572418
                },
                {
                    "feature_value": 69.41666666666666,
                    "pdp_value": 0.505334413560156
                },
                {
                    "feature_value": 73.5,
                    "pdp_value": 0.5053344124630694
                },
                {
                    "feature_value": 77.58333333333333,
                    "pdp_value": 0.5053344113659829
                },
                {
                    "feature_value": 81.66666666666666,
                    "pdp_value": 0.505334410268897
                },
                {
                    "feature_value": 85.75,
                    "pdp_value": 0.5053344091718128
                },
                {
                    "feature_value": 89.83333333333333,
                    "pdp_value": 0.5053344080747281
                },
                {
                    "feature_value": 93.91666666666666,
                    "pdp_value": 0.5053344069776424
                },
                {
                    "feature_value": 98.0,
                    "pdp_value": 0.5053344058805548
                }
            ]
        ],
        [
            [
                {
                    "feature_value": 20143.632,
                    "pdp_value": 0.5129854171880519
                },
                {
                    "feature_value": 60543.1945,
                    "pdp_value": 0.5114477273393337
                },
                {
                    "feature_value": 100942.757,
                    "pdp_value": 0.5099098208593157
                },
                {
                    "feature_value": 141342.3195,
                    "pdp_value": 0.5083717268261502
                },
                {
                    "feature_value": 181741.882,
                    "pdp_value": 0.5068334743321752
                },
                {
                    "feature_value": 222141.4445,
                    "pdp_value": 0.505295092481723
                },
                {
                    "feature_value": 262541.007,
                    "pdp_value": 0.5037566103889104
                },
                {
                    "feature_value": 302940.5695,
                    "pdp_value": 0.5022180571754505
                },
                {
                    "feature_value": 343340.132,
                    "pdp_value": 0.5006794619684302
                },
                {
                    "feature_value": 383739.6945,
                    "pdp_value": 0.4991408538981191
                },
                {
                    "feature_value": 424139.257,
                    "pdp_value": 0.4976022620957634
                },
                {
                    "feature_value": 464538.8195,
                    "pdp_value": 0.4960637156913742
                },
                {
                    "feature_value": 504938.382,
                    "pdp_value": 0.4945252438115248
                },
                {
                    "feature_value": 545337.9445,
                    "pdp_value": 0.4929868755771502
                },
                {
                    "feature_value": 585737.507,
                    "pdp_value": 0.49144864010134015
                },
                {
                    "feature_value": 626137.0695,
                    "pdp_value": 0.4899105664871352
                },
                {
                    "feature_value": 666536.632,
                    "pdp_value": 0.48837268382532545
                },
                {
                    "feature_value": 706936.1945,
                    "pdp_value": 0.4868350211922598
                },
                {
                    "feature_value": 747335.757,
                    "pdp_value": 0.4852976076476388
                },
                {
                    "feature_value": 787735.3195,
                    "pdp_value": 0.48376047223232665
                },
                {
                    "feature_value": 828134.882,
                    "pdp_value": 0.482223643966159
                },
                {
                    "feature_value": 868534.4445,
                    "pdp_value": 0.4806871518457562
                },
                {
                    "feature_value": 908934.007,
                    "pdp_value": 0.479151024842339
                },
                {
                    "feature_value": 949333.5695,
                    "pdp_value": 0.4776152918995497
                },
                {
                    "feature_value": 989733.132,
                    "pdp_value": 0.476079981931274
                }
            ],
            [
                {
                    "feature_value": 20143.632,
                    "pdp_value": 0.4870145828119479
                },
                {
                    "feature_value": 60543.1945,
                    "pdp_value": 0.48855227266066675
                },
                {
                    "feature_value": 100942.757,
                    "pdp_value": 0.49009017914068437
                },
                {
                    "feature_value": 141342.3195,
                    "pdp_value": 0.49162827317385016
                },
                {
                    "feature_value": 181741.882,
                    "pdp_value": 0.4931665256678249
                },
                {
                    "feature_value": 222141.4445,
                    "pdp_value": 0.49470490751827756
                },
                {
                    "feature_value": 262541.007,
                    "pdp_value": 0.4962433896110896
                },
                {
                    "feature_value": 302940.5695,
                    "pdp_value": 0.4977819428245497
                },
                {
                    "feature_value": 343340.132,
                    "pdp_value": 0.4993205380315698
                },
                {
                    "feature_value": 383739.6945,
                    "pdp_value": 0.5008591461018809
                },
                {
                    "feature_value": 424139.257,
                    "pdp_value": 0.5023977379042365
                },
                {
                    "feature_value": 464538.8195,
                    "pdp_value": 0.5039362843086256
                },
                {
                    "feature_value": 504938.382,
                    "pdp_value": 0.5054747561884751
                },
                {
                    "feature_value": 545337.9445,
                    "pdp_value": 0.5070131244228501
                },
                {
                    "feature_value": 585737.507,
                    "pdp_value": 0.5085513598986593
                },
                {
                    "feature_value": 626137.0695,
                    "pdp_value": 0.5100894335128647
                },
                {
                    "feature_value": 666536.632,
                    "pdp_value": 0.5116273161746742
                },
                {
                    "feature_value": 706936.1945,
                    "pdp_value": 0.5131649788077401
                },
                {
                    "feature_value": 747335.757,
                    "pdp_value": 0.514702392352361
                },
                {
                    "feature_value": 787735.3195,
                    "pdp_value": 0.5162395277676735
                },
                {
                    "feature_value": 828134.882,
                    "pdp_value": 0.5177763560338412
                },
                {
                    "feature_value": 868534.4445,
                    "pdp_value": 0.5193128481542442
                },
                {
                    "feature_value": 908934.007,
                    "pdp_value": 0.520848975157661
                },
                {
                    "feature_value": 949333.5695,
                    "pdp_value": 0.5223847081004501
                },
                {
                    "feature_value": 989733.132,
                    "pdp_value": 0.5239200180687256
                }
            ]
        ],
        [
            [
                {
                    "feature_value": 0.007422681469119182,
                    "pdp_value": 0.49466558102850283
                },
                {
                    "feature_value": 0.04834823448775488,
                    "pdp_value": 0.4946655810283566
                },
                {
                    "feature_value": 0.08927378750639059,
                    "pdp_value": 0.4946655810282116
                },
                {
                    "feature_value": 0.13019934052502627,
                    "pdp_value": 0.4946655810280634
                },
                {
                    "feature_value": 0.17112489354366198,
                    "pdp_value": 0.49466558102791724
                },
                {
                    "feature_value": 0.21205044656229768,
                    "pdp_value": 0.4946655810277721
                },
                {
                    "feature_value": 0.25297599958093336,
                    "pdp_value": 0.4946655810276245
                },
                {
                    "feature_value": 0.29390155259956907,
                    "pdp_value": 0.49466558102747943
                },
                {
                    "feature_value": 0.3348271056182048,
                    "pdp_value": 0.4946655810273333
                },
                {
                    "feature_value": 0.3757526586368405,
                    "pdp_value": 0.4946655810271869
                },
                {
                    "feature_value": 0.4166782116554762,
                    "pdp_value": 0.4946655810270413
                },
                {
                    "feature_value": 0.4576037646741119,
                    "pdp_value": 0.49466558102689295
                },
                {
                    "feature_value": 0.49852931769274755,
                    "pdp_value": 0.4946655810267482
                },
                {
                    "feature_value": 0.5394548707113833,
                    "pdp_value": 0.4946655810266016
                },
                {
                    "feature_value": 0.580380423730019,
                    "pdp_value": 0.49466558102645486
                },
                {
                    "feature_value": 0.6213059767486547,
                    "pdp_value": 0.4946655810263084
                },
                {
                    "feature_value": 0.6622315297672904,
                    "pdp_value": 0.49466558102616365
                },
                {
                    "feature_value": 0.703157082785926,
                    "pdp_value": 0.49466558102601565
                },
                {
                    "feature_value": 0.7440826358045618,
                    "pdp_value": 0.4946655810258686
                },
                {
                    "feature_value": 0.7850081888231975,
                    "pdp_value": 0.4946655810257243
                },
                {
                    "feature_value": 0.8259337418418332,
                    "pdp_value": 0.4946655810255764
                },
                {
                    "feature_value": 0.8668592948604689,
                    "pdp_value": 0.4946655810254317
                },
                {
                    "feature_value": 0.9077848478791046,
                    "pdp_value": 0.49466558102528513
                },
                {
                    "feature_value": 0.9487104008977403,
                    "pdp_value": 0.4946655810251388
                },
                {
                    "feature_value": 0.989635953916376,
                    "pdp_value": 0.49466558102499375
                }
            ],
            [
                {
                    "feature_value": 0.007422681469119182,
                    "pdp_value": 0.5053344189714973
                },
                {
                    "feature_value": 0.04834823448775488,
                    "pdp_value": 0.5053344189716431
                },
                {
                    "feature_value": 0.08927378750639059,
                    "pdp_value": 0.5053344189717884
                },
                {
                    "feature_value": 0.13019934052502627,
                    "pdp_value": 0.5053344189719366
                },
                {
                    "feature_value": 0.17112489354366198,
                    "pdp_value": 0.5053344189720825
                },
                {
                    "feature_value": 0.21205044656229768,
                    "pdp_value": 0.5053344189722278
                },
                {
                    "feature_value": 0.25297599958093336,
                    "pdp_value": 0.505334418972376
                },
                {
                    "feature_value": 0.29390155259956907,
                    "pdp_value": 0.5053344189725206
                },
                {
                    "feature_value": 0.3348271056182048,
                    "pdp_value": 0.5053344189726666
                },
                {
                    "feature_value": 0.3757526586368405,
                    "pdp_value": 0.5053344189728133
                },
                {
                    "feature_value": 0.4166782116554762,
                    "pdp_value": 0.5053344189729588
                },
                {
                    "feature_value": 0.4576037646741119,
                    "pdp_value": 0.5053344189731072
                },
                {
                    "feature_value": 0.49852931769274755,
                    "pdp_value": 0.5053344189732517
                },
                {
                    "feature_value": 0.5394548707113833,
                    "pdp_value": 0.5053344189733985
                },
                {
                    "feature_value": 0.580380423730019,
                    "pdp_value": 0.5053344189735454
                },
                {
                    "feature_value": 0.6213059767486547,
                    "pdp_value": 0.5053344189736914
                },
                {
                    "feature_value": 0.6622315297672904,
                    "pdp_value": 0.5053344189738362
                },
                {
                    "feature_value": 0.703157082785926,
                    "pdp_value": 0.5053344189739843
                },
                {
                    "feature_value": 0.7440826358045618,
                    "pdp_value": 0.5053344189741312
                },
                {
                    "feature_value": 0.7850081888231975,
                    "pdp_value": 0.5053344189742754
                },
                {
                    "feature_value": 0.8259337418418332,
                    "pdp_value": 0.5053344189744241
                },
                {
                    "feature_value": 0.8668592948604689,
                    "pdp_value": 0.5053344189745681
                },
                {
                    "feature_value": 0.9077848478791046,
                    "pdp_value": 0.5053344189747149
                },
                {
                    "feature_value": 0.9487104008977403,
                    "pdp_value": 0.5053344189748614
                },
                {
                    "feature_value": 0.989635953916376,
                    "pdp_value": 0.5053344189750062
                }
            ]
        ]
    ]
}