{
  "completed-10.1.1": "Yes",
  "elaboration-10.1.1": "",
  "completed-10.1.2": "Yes",
  "elaboration-10.1.2": "Documented as part of company's software development process.",
  "completed-10.2.1": "Yes",
  "elaboration-10.2.1": "Documented as part of company's software development process.",
  "completed-10.2.2": "Yes",
  "elaboration-10.2.2": "Documented as part of company's software development process.",
  "completed-10.2.3": "Yes",
  "elaboration-10.2.3": "Documented as part of company's software development process.",
  "completed-10.3.1": "Yes",
  "elaboration-10.3.1": "Documented as part of company's software development process.",
  "completed-10.4.1": "Yes",
  "elaboration-10.4.1": "Documented as part of company's software development process.",
  "completed-10.5.1": "Yes",
  "elaboration-10.5.1": "Documented as part of company's software development process."
}