{
  "cid": "human_agency_oversight_responses",
  "widgetSize": {
    "minW": 12,
    "minH": 10,
    "maxW": 12,
    "maxH": 36
  },
  "name": "User Responses - Human Agency & Oversight",
  "description": "List the user responses for Human Agency & Oversight checklist",
  "tag": [
    "stock",
    "process-checklist"
  ],
  "dependencies": [
    {
      "cid": "human_agency_oversight_process_checklist"
    }
  ],
  "mockdata": [
    {
      "type": "InputBlock",
      "cid": "human_agency_oversight_process_checklist",
      "datapath": "human_agency_oversight_process_checklist.sample.json"
    }
  ],
  "dynamicHeight": true
}