{
  "completed-6.1.1": "Yes",
  "elaboration-6.1.1": "Implemented as part of data pipeline.",
  "completed-6.2.1": "Yes",
  "elaboration-6.2.1": "Implemented as part of data pipeline.",
  "completed-6.3.1": "Yes",
  "elaboration-6.3.1": "Implemented as part of data pipeline.",
  "completed-6.4.1": "Yes",
  "elaboration-6.4.1": "Implemented as part of data pipeline.",
  "completed-6.5.1": "Yes",
  "elaboration-6.5.1": "Implemented as part of data pipeline.",
  "completed-6.5.2": "Yes",
  "elaboration-6.5.2": "Implemented as part of data pipeline.",
  "completed-6.5.3": "Yes",
  "elaboration-6.5.3": "Implemented as part of data pipeline.",
  "summary-justification-Robustness": "Implemented as part of data pipeline."
}