{
  "completed-accountability-9-1-1": "Yes",
  "elaboration-accountability-9-1-1": "Documented as part of company's software development process.",
  "completed-accountability-9-1-2": "Yes",
  "elaboration-accountability-9-1-2": "Documented as part of company's software development process.",
  "completed-accountability-9-1-3": "Yes",
  "elaboration-accountability-9-1-3": "Documented as part of company's software development process.",
  "completed-accountability-9-2-1": "Yes",
  "elaboration-accountability-9-2-1": "Documented as part of company's software development process.",
  "completed-accountability-9-3-1": "Yes",
  "elaboration-accountability-9-3-1": "Documented as part of company's software development process.",
  "completed-accountability-9-4-1": "Yes",
  "elaboration-accountability-9-4-1": "Documented as part of company's software development process.",
  "completed-accountability-9-5-1": "Yes",
  "elaboration-accountability-9-5-1": "Documented as part of company's software development process.",
  "completed-accountability-9-5-2": "Yes",
  "elaboration-accountability-9-5-2": "Documented as part of company's software development process."
}