{
  "completed-fairness-7-1-1": "Not Applicable",
  "elaboration-fairness-7-1-1": "Not applicable as AI model bias has no impact on users.",
  "completed-fairness-7-2-1": "Not Applicable",
  "elaboration-fairness-7-2-1": "Not applicable as AI model bias has no impact on users.",
  "completed-fairness-7-3-1": "Not Applicable",
  "elaboration-fairness-7-3-1": "Not applicable as AI model bias has no impact on users.",
  "completed-fairness-7-4-1": "Not Applicable",
  "elaboration-fairness-7-4-1": "Not applicable as AI model bias has no impact on users.",
  "completed-fairness-7-4-2": "Not Applicable",
  "elaboration-fairness-7-4-2": "Not applicable as AI model bias has no impact on users.",
  "completed-fairness-7-5-1": "Not Applicable",
  "elaboration-fairness-7-5-1": "Not applicable as AI model bias has no impact on users.",
  "completed-fairness-7-6-1": "Not Applicable",
  "elaboration-fairness-7-6-1": "Not applicable as AI model bias has no impact on users.",
  "completed-fairness-7-7-1": "Not Applicable",
  "elaboration-fairness-7-7-1": "Not applicable as AI model bias has no impact on users.",
  "completed-fairness-7-8-1": "Not Applicable",
  "elaboration-fairness-7-8-1": "Not applicable as AI model bias has no impact on users.",
  "completed-fairness-7-9-1": "Not Applicable",
  "elaboration-fairness-7-9-1": "Not applicable as AI model bias has no impact on users.",
  "summary-justification-Fairness": "Not applicable as AI model bias has no impact on users."
}