{
  "cid": "summary_inclusive_growth",
  "widgetSize": {
    "minW": 12,
    "minH": 10,
    "maxW": 12,
    "maxH": 36
  },
  "name": "Summary - Inclusive Growth, Societal & Environmental Well-being",
  "description": "Summary of the process checklist for Inclusive Growth, Societal & Environmental Well-being checklist",
  "dependencies": [
    {
      "cid": "inclusive_growth_process_checklist"
    }
  ],
  "mockdata": [
    {
      "type": "InputBlock",
      "cid": "inclusive_growth_process_checklist",
      "datapath": "inclusive_growth_process_checklist.sample.json"
    }
  ]
}