{
  "cid": "explainability_responses",
  "name": "User Responses - Explainability",
  "description": "List the user responses for Explainabilty checklist",
  "tags": ["stock","process-checklist"],
  "properties": [
    {
      "key": "testableCriteria",
      "helper": "Enter the number of the testable criteria to display (default 1)",
      "default": "1"
    },
    {
      "key": "startIndex",
      "helper": "Enter the start index of the process check to display (default 0)",
      "default": "0"
    },
    {
      "key": "numProcessChecks",
      "helper": "Enter the number of process checks to display (default 2)",
      "default": "2"
    },
    {
      "key": "hideCriteriaDescription",
      "helper": "Set to 1 to hide the criteria description (default 0)",
      "default": "0"
    }
  ],
  "widgetSize": {
    "minW": 12,
    "minH": 10,
    "maxW": 12,
    "maxH": 36
  },
  "dependencies": [
    {
      "cid": "explainability_process_checklist"
    }
  ],
  "mockdata": [
    {
      "type": "InputBlock",
      "cid": "explainability_process_checklist",
      "datapath": "explainability_process_checklist.sample.json" 
    }
  ]
}