{"globalVars":[{"key":"modelName","value":"My Model Name"},{"key":"modelPurpose","value":"My Model Purpose"}],"pages":[{"layouts":[{"i":"1689126165637","x":0,"y":0,"w":12,"h":36,"maxW":12,"maxH":36,"minW":12,"minH":36,"static":false,"isDraggable":true,"isResizable":true,"resizeHandles":["se"],"isBounded":true}],"reportWidgets":[{"widgetGID":"aiverify.stock.reports:cover_page_main","key":"1689126165637","properties":{"reportTitle":"Summary Report","reportSubtitle1":"Properties Subtitle 1","reportSubtitle2":"Properties Subtitle 2"}}]},{"layouts":[{"i":"1684304861608","x":0,"y":0,"w":12,"h":2,"maxW":12,"maxH":36,"minW":1,"minH":2,"static":false,"isDraggable":true,"isResizable":true,"resizeHandles":["se"],"isBounded":true},{"i":"1684304879591","x":0,"y":2,"w":12,"h":1,"maxW":12,"maxH":36,"minW":1,"minH":1,"static":false,"isDraggable":true,"isResizable":true,"resizeHandles":["se"],"isBounded":true},{"i":"1684304911088","x":0,"y":3,"w":12,"h":9,"maxW":12,"maxH":36,"minW":12,"minH":7,"static":false,"isDraggable":true,"isResizable":true,"resizeHandles":["se"],"isBounded":true},{"i":"1684304925928","x":0,"y":12,"w":12,"h":1,"maxW":12,"maxH":36,"minW":12,"minH":1,"static":false,"isDraggable":true,"isResizable":true,"resizeHandles":["se"],"isBounded":true},{"i":"1684304938875","x":0,"y":13,"w":12,"h":1,"maxW":12,"maxH":36,"minW":1,"minH":1,"static":false,"isDraggable":true,"isResizable":true,"resizeHandles":["se"],"isBounded":true},{"i":"1684305199177","x":0,"y":17,"w":12,"h":1,"maxW":12,"maxH":36,"minW":12,"minH":1,"static":false,"isDraggable":true,"isResizable":true,"resizeHandles":["se"],"isBounded":true},{"i":"1684305207089","x":0,"y":18,"w":12,"h":1,"maxW":12,"maxH":36,"minW":1,"minH":1,"static":false,"isDraggable":true,"isResizable":true,"resizeHandles":["se"],"isBounded":true},{"i":"1685631370924","x":0,"y":19,"w":12,"h":17,"maxW":12,"maxH":36,"minW":12,"minH":14,"static":false,"isDraggable":true,"isResizable":true,"resizeHandles":["se"],"isBounded":true},{"i":"1697012980153","x":0,"y":14,"w":12,"h":3,"maxW":12,"maxH":36,"minW":12,"minH":3,"static":false,"isDraggable":true,"isResizable":true,"resizeHandles":["se"],"isBounded":true}],"reportWidgets":[{"widgetGID":"aiverify.stock.reports:page_title1","key":"1684304861608","properties":{"title":"Introduction"}},{"widgetGID":"aiverify.stock.reports:page_title2","key":"1684304879591","properties":{"title":"Aim of AI Verify - AI Governance Testing Framework and Toolkit"}},{"widgetGID":"aiverify.stock.reports:aiv_intro","key":"1684304911088","properties":{}},{"widgetGID":"aiverify.stock.reports:page_divider","key":"1684304925928","properties":{}},{"widgetGID":"aiverify.stock.reports:page_title2","key":"1684304938875","properties":{"title":"Use case and Model Tested"}},{"widgetGID":"aiverify.stock.reports:page_divider","key":"1684305199177","properties":{}},{"widgetGID":"aiverify.stock.reports:page_title2","key":"1684305207089","properties":{"title":"Scope of Checks"}},{"widgetGID":"aiverify.stock.process_checklist:overview","key":"1685631370924","properties":{}},{"widgetGID":"aiverify.stock.reports:use_case_model","key":"1697012980153","properties":{"modelTested":"{modelName}","modelPurpose":"{modelPurpose}"}}]},{"layouts":[{"i":"1684305286356","x":0,"y":0,"w":12,"h":2,"maxW":12,"maxH":36,"minW":1,"minH":2,"static":false,"isDraggable":true,"isResizable":true,"resizeHandles":["se"],"isBounded":true},{"i":"1684928997631","x":0,"y":2,"w":12,"h":1,"maxW":12,"maxH":36,"minW":1,"minH":1,"static":false,"isDraggable":true,"isResizable":true,"resizeHandles":["se"],"isBounded":true},{"i":"1696473432607","x":0,"y":3,"w":12,"h":36,"maxW":12,"maxH":36,"minW":12,"minH":36,"static":false,"isDraggable":true,"isResizable":true,"resizeHandles":["se"],"isBounded":true}],"reportWidgets":[{"widgetGID":"aiverify.stock.reports:page_title1","key":"1684305286356","properties":{"title":"Introduction"}},{"widgetGID":"aiverify.stock.reports:page_title2","key":"1684928997631","properties":{"title":"AI Verify's 11 Principles"}},{"widgetGID":"aiverify.stock.process_checklist:area_descriptions","key":"1696473432607","properties":{"startIndex":"0","numAreas":"6"}}]},{"layouts":[{"i":"1684305343880","x":0,"y":0,"w":12,"h":2,"maxW":12,"maxH":36,"minW":1,"minH":2,"static":false,"isDraggable":true,"isResizable":true,"resizeHandles":["se"],"isBounded":true},{"i":"1684305382986","x":0,"y":12,"w":12,"h":1,"maxW":12,"maxH":36,"minW":12,"minH":1,"static":false,"isDraggable":true,"isResizable":true,"resizeHandles":["se"],"isBounded":true},{"i":"1684465230294","x":0,"y":13,"w":12,"h":1,"maxW":12,"maxH":36,"minW":1,"minH":1,"static":false,"isDraggable":true,"isResizable":true,"resizeHandles":["se"],"isBounded":true},{"i":"1684465261406","x":0,"y":14,"w":12,"h":5,"maxW":12,"maxH":36,"minW":12,"minH":5,"static":false,"isDraggable":true,"isResizable":true,"resizeHandles":["se"],"isBounded":true},{"i":"1684929172245","x":0,"y":19,"w":12,"h":1,"maxW":12,"maxH":36,"minW":1,"minH":1,"static":false,"isDraggable":true,"isResizable":true,"resizeHandles":["se"],"isBounded":true},{"i":"1685631407575","x":0,"y":20,"w":12,"h":16,"maxW":12,"maxH":36,"minW":12,"minH":12,"static":false,"isDraggable":true,"isResizable":true,"resizeHandles":["se"],"isBounded":true},{"i":"1697012847253","x":0,"y":2,"w":12,"h":10,"maxW":12,"maxH":36,"minW":12,"minH":8,"static":false,"isDraggable":true,"isResizable":true,"resizeHandles":["se"],"isBounded":true}],"reportWidgets":[{"widgetGID":"aiverify.stock.reports:page_title1","key":"1684305343880","properties":{"title":"Summary"}},{"widgetGID":"aiverify.stock.reports:page_divider","key":"1684305382986","properties":{}},{"widgetGID":"aiverify.stock.reports:page_title2","key":"1684465230294","properties":{"title":"Overall Completion Status"}},{"widgetGID":"aiverify.stock.reports:technical_tests_summary","key":"1684465261406","properties":{}},{"widgetGID":"aiverify.stock.reports:page_title3","key":"1684929172245","properties":{"title":"Process Checks"}},{"widgetGID":"aiverify.stock.process_checklist:overall_summary","key":"1685631407575","properties":{}},{"widgetGID":"aiverify.stock.reports:report_summary","key":"1697012847253","properties":{"modelName":"{modelName}"}}]},{"layouts":[{"i":"1685516198460","x":0,"y":0,"w":12,"h":4,"maxW":12,"maxH":5,"minW":12,"minH":3,"static":false,"isDraggable":true,"isResizable":true,"resizeHandles":["se"],"isBounded":true},{"i":"1685516237216","x":0,"y":4,"w":12,"h":1,"maxW":12,"maxH":36,"minW":12,"minH":1,"static":false,"isDraggable":true,"isResizable":true,"resizeHandles":["se"],"isBounded":true},{"i":"1685889250883","x":0,"y":5,"w":12,"h":1,"maxW":12,"maxH":36,"minW":6,"minH":1,"static":false,"isDraggable":true,"isResizable":true,"resizeHandles":["se"],"isBounded":true},{"i":"1689038789267","x":0,"y":6,"w":12,"h":30,"maxW":12,"maxH":36,"minW":12,"minH":10,"static":false,"isDraggable":true,"isResizable":true,"resizeHandles":["se"],"isBounded":true}],"reportWidgets":[{"widgetGID":"aiverify.stock.process_checklist:area_header","key":"1685516198460","properties":{"areaIndex":"1"}},{"widgetGID":"aiverify.stock.reports:page_divider","key":"1685516237216","properties":{}},{"widgetGID":"aiverify.stock.process_checklist:principle_summary_header","key":"1685889250883","properties":{"principle":"Transparency"}},{"widgetGID":"aiverify.stock.process_checklist:summary_transparency","key":"1689038789267","properties":{}}]},{"layouts":[{"i":"1684929765131","x":0,"y":6,"w":12,"h":30,"maxW":12,"maxH":36,"minW":12,"minH":10,"static":false,"isDraggable":true,"isResizable":true,"resizeHandles":["se"],"isBounded":true},{"i":"1689124848774","x":0,"y":0,"w":12,"h":4,"maxW":12,"maxH":5,"minW":12,"minH":3,"static":false,"isDraggable":true,"isResizable":true,"resizeHandles":["se"],"isBounded":true},{"i":"1689124873005","x":0,"y":4,"w":12,"h":1,"maxW":12,"maxH":36,"minW":12,"minH":1,"static":false,"isDraggable":true,"isResizable":true,"resizeHandles":["se"],"isBounded":true},{"i":"1689124907239","x":0,"y":5,"w":12,"h":1,"maxW":12,"maxH":36,"minW":6,"minH":1,"static":false,"isDraggable":true,"isResizable":true,"resizeHandles":["se"],"isBounded":true}],"reportWidgets":[{"widgetGID":"aiverify.stock.process_checklist:summary_explainability","key":"1684929765131","properties":{}},{"widgetGID":"aiverify.stock.process_checklist:area_header","key":"1689124848774","properties":{"areaIndex":"2"}},{"widgetGID":"aiverify.stock.reports:page_divider","key":"1689124873005","properties":{}},{"widgetGID":"aiverify.stock.process_checklist:principle_summary_header","key":"1689124907239","properties":{"principle":"Explainability"}}]},{"layouts":[{"i":"1685887236274","x":0,"y":1,"w":12,"h":35,"maxW":12,"maxH":36,"minW":12,"minH":12,"static":false,"isDraggable":true,"isResizable":true,"resizeHandles":["se"],"isBounded":true},{"i":"1685887277893","x":0,"y":0,"w":12,"h":1,"maxW":12,"maxH":36,"minW":1,"minH":1,"static":false,"isDraggable":true,"isResizable":true,"resizeHandles":["se"],"isBounded":true}],"reportWidgets":[{"widgetGID":"aiverify.stock.shap_toolbox:summary_global_exp_chart","key":"1685887236274","properties":{"topNFeatures":"20"}},{"widgetGID":"aiverify.stock.reports:page_title3","key":"1685887277893","properties":{"title":"Technical Test"}}]},{"layouts":[{"i":"1684929784449","x":0,"y":1,"w":12,"h":35,"maxW":12,"maxH":36,"minW":12,"minH":10,"static":false,"isDraggable":true,"isResizable":true,"resizeHandles":["se"],"isBounded":true},{"i":"1685889602140","x":0,"y":0,"w":12,"h":1,"maxW":12,"maxH":36,"minW":6,"minH":1,"static":false,"isDraggable":true,"isResizable":true,"resizeHandles":["se"],"isBounded":true}],"reportWidgets":[{"widgetGID":"aiverify.stock.process_checklist:summary_reproducibility","key":"1684929784449","properties":{}},{"widgetGID":"aiverify.stock.process_checklist:principle_summary_header","key":"1685889602140","properties":{"principle":"Reproducibility"}}]},{"layouts":[{"i":"1684929799201","x":0,"y":5,"w":12,"h":31,"maxW":12,"maxH":36,"minW":12,"minH":10,"static":false,"isDraggable":true,"isResizable":true,"resizeHandles":["se"],"isBounded":true},{"i":"1685516376598","x":0,"y":3,"w":12,"h":1,"maxW":12,"maxH":36,"minW":12,"minH":1,"static":false,"isDraggable":true,"isResizable":true,"resizeHandles":["se"],"isBounded":true},{"i":"1685516380843","x":0,"y":0,"w":12,"h":3,"maxW":12,"maxH":5,"minW":12,"minH":3,"static":false,"isDraggable":true,"isResizable":true,"resizeHandles":["se"],"isBounded":true},{"i":"1685889740917","x":0,"y":4,"w":12,"h":1,"maxW":12,"maxH":36,"minW":6,"minH":1,"static":false,"isDraggable":true,"isResizable":true,"resizeHandles":["se"],"isBounded":true}],"reportWidgets":[{"widgetGID":"aiverify.stock.process_checklist:summary_safety","key":"1684929799201","properties":{}},{"widgetGID":"aiverify.stock.reports:page_divider","key":"1685516376598","properties":{}},{"widgetGID":"aiverify.stock.process_checklist:area_header","key":"1685516380843","properties":{"areaIndex":"3"}},{"widgetGID":"aiverify.stock.process_checklist:principle_summary_header","key":"1685889740917","properties":{"principle":"Safety"}}]},{"layouts":[{"i":"1684929818031","x":0,"y":1,"w":12,"h":35,"maxW":12,"maxH":36,"minW":12,"minH":10,"static":false,"isDraggable":true,"isResizable":true,"resizeHandles":["se"],"isBounded":true},{"i":"1685889767504","x":0,"y":0,"w":12,"h":1,"maxW":12,"maxH":36,"minW":6,"minH":1,"static":false,"isDraggable":true,"isResizable":true,"resizeHandles":["se"],"isBounded":true}],"reportWidgets":[{"widgetGID":"aiverify.stock.process_checklist:summary_security","key":"1684929818031","properties":{}},{"widgetGID":"aiverify.stock.process_checklist:principle_summary_header","key":"1685889767504","properties":{"principle":"Security"}}]},{"layouts":[{"i":"1684929834011","x":0,"y":0,"w":12,"h":36,"maxW":12,"maxH":36,"minW":12,"minH":10,"static":false,"isDraggable":true,"isResizable":true,"resizeHandles":["se"],"isBounded":true}],"reportWidgets":[{"widgetGID":"aiverify.stock.process_checklist:summary_robustness","key":"1684929834011","properties":{}}]},{"layouts":[{"i":"1685889889908","x":0,"y":1,"w":12,"h":6,"maxW":12,"maxH":36,"minW":12,"minH":6,"static":false,"isDraggable":true,"isResizable":true,"resizeHandles":["se"],"isBounded":true},{"i":"1685889893427","x":0,"y":7,"w":12,"h":27,"maxW":12,"maxH":36,"minW":12,"minH":18,"static":false,"isDraggable":true,"isResizable":true,"resizeHandles":["se"],"isBounded":true},{"i":"1685889916737","x":0,"y":0,"w":12,"h":1,"maxW":12,"maxH":36,"minW":1,"minH":1,"static":false,"isDraggable":true,"isResizable":true,"resizeHandles":["se"],"isBounded":true}],"reportWidgets":[{"widgetGID":"aiverify.stock.robustness_toolbox:accuracy_comparison","key":"1685889889908","properties":{}},{"widgetGID":"aiverify.stock.robustness_toolbox:summary_description","key":"1685889893427","properties":{}},{"widgetGID":"aiverify.stock.reports:page_title3","key":"1685889916737","properties":{"title":"Technical Test"}}]},{"layouts":[{"i":"1684929846191","x":0,"y":5,"w":12,"h":31,"maxW":12,"maxH":36,"minW":12,"minH":10,"static":false,"isDraggable":true,"isResizable":true,"resizeHandles":["se"],"isBounded":true},{"i":"1689125218480","x":0,"y":0,"w":12,"h":3,"maxW":12,"maxH":5,"minW":12,"minH":3,"static":false,"isDraggable":true,"isResizable":true,"resizeHandles":["se"],"isBounded":true},{"i":"1689125246446","x":0,"y":3,"w":12,"h":1,"maxW":12,"maxH":36,"minW":12,"minH":1,"static":false,"isDraggable":true,"isResizable":true,"resizeHandles":["se"],"isBounded":true},{"i":"1689125257767","x":0,"y":4,"w":12,"h":1,"maxW":12,"maxH":36,"minW":6,"minH":1,"static":false,"isDraggable":true,"isResizable":true,"resizeHandles":["se"],"isBounded":true}],"reportWidgets":[{"widgetGID":"aiverify.stock.process_checklist:summary_fairness","key":"1684929846191","properties":{}},{"widgetGID":"aiverify.stock.process_checklist:area_header","key":"1689125218480","properties":{"areaIndex":"4"}},{"widgetGID":"aiverify.stock.reports:page_divider","key":"1689125246446","properties":{}},{"widgetGID":"aiverify.stock.process_checklist:principle_summary_header","key":"1689125257767","properties":{"principle":"Fairness"}}]},{"layouts":[{"i":"1685890039237","x":0,"y":0,"w":12,"h":1,"maxW":12,"maxH":36,"minW":1,"minH":1,"static":false,"isDraggable":true,"isResizable":true,"resizeHandles":["se"],"isBounded":true},{"i":"1685890208476","x":0,"y":1,"w":12,"h":5,"maxW":12,"maxH":36,"minW":6,"minH":3,"static":false,"isDraggable":true,"isResizable":true,"resizeHandles":["se"],"isBounded":true},{"i":"1685890331001","x":0,"y":6,"w":12,"h":30,"maxW":12,"maxH":36,"minW":12,"minH":15,"static":false,"isDraggable":true,"isResizable":true,"resizeHandles":["se"],"isBounded":true}],"reportWidgets":[{"widgetGID":"aiverify.stock.reports:page_title3","key":"1685890039237","properties":{"title":"Technical Test"}},{"widgetGID":"aiverify.stock.fairness_metrics_toolbox_for_classification:summary_description","key":"1685890208476","properties":{}},{"widgetGID":"aiverify.stock.fairness_metrics_toolbox_for_classification:chart_selected_metrics","key":"1685890331001","properties":{}}]},{"layouts":[{"i":"1685890367384","x":0,"y":0,"w":12,"h":36,"maxW":12,"maxH":36,"minW":6,"minH":3,"static":false,"isDraggable":true,"isResizable":true,"resizeHandles":["se"],"isBounded":true}],"reportWidgets":[{"widgetGID":"aiverify.stock.fairness_metrics_toolbox_for_classification:summary_recommendation","key":"1685890367384","properties":{}}]},{"layouts":[{"i":"1684929863861","x":0,"y":1,"w":12,"h":35,"maxW":12,"maxH":36,"minW":12,"minH":10,"static":false,"isDraggable":true,"isResizable":true,"resizeHandles":["se"],"isBounded":true},{"i":"1685890447088","x":0,"y":0,"w":12,"h":1,"maxW":12,"maxH":36,"minW":6,"minH":1,"static":false,"isDraggable":true,"isResizable":true,"resizeHandles":["se"],"isBounded":true}],"reportWidgets":[{"widgetGID":"aiverify.stock.process_checklist:summary_data_governance","key":"1684929863861","properties":{}},{"widgetGID":"aiverify.stock.process_checklist:principle_summary_header","key":"1685890447088","properties":{"principle":"Data Governance"}}]},{"layouts":[{"i":"1684929875180","x":0,"y":5,"w":12,"h":31,"maxW":12,"maxH":36,"minW":12,"minH":10,"static":false,"isDraggable":true,"isResizable":true,"resizeHandles":["se"],"isBounded":true},{"i":"1685516477764","x":0,"y":3,"w":12,"h":1,"maxW":12,"maxH":36,"minW":12,"minH":1,"static":false,"isDraggable":true,"isResizable":true,"resizeHandles":["se"],"isBounded":true},{"i":"1685516484179","x":0,"y":0,"w":12,"h":3,"maxW":12,"maxH":5,"minW":12,"minH":3,"static":false,"isDraggable":true,"isResizable":true,"resizeHandles":["se"],"isBounded":true},{"i":"1685890471172","x":0,"y":4,"w":12,"h":1,"maxW":12,"maxH":36,"minW":6,"minH":1,"static":false,"isDraggable":true,"isResizable":true,"resizeHandles":["se"],"isBounded":true}],"reportWidgets":[{"widgetGID":"aiverify.stock.process_checklist:summary_accountability","key":"1684929875180","properties":{}},{"widgetGID":"aiverify.stock.reports:page_divider","key":"1685516477764","properties":{}},{"widgetGID":"aiverify.stock.process_checklist:area_header","key":"1685516484179","properties":{"areaIndex":"5"}},{"widgetGID":"aiverify.stock.process_checklist:principle_summary_header","key":"1685890471172","properties":{"principle":"Accountability"}}]},{"layouts":[{"i":"1684929886817","x":0,"y":1,"w":12,"h":35,"maxW":12,"maxH":36,"minW":12,"minH":10,"static":false,"isDraggable":true,"isResizable":true,"resizeHandles":["se"],"isBounded":true},{"i":"1685890498307","x":0,"y":0,"w":12,"h":1,"maxW":12,"maxH":36,"minW":6,"minH":1,"static":false,"isDraggable":true,"isResizable":true,"resizeHandles":["se"],"isBounded":true}],"reportWidgets":[{"widgetGID":"aiverify.stock.process_checklist:summary_human_agency_oversight","key":"1684929886817","properties":{}},{"widgetGID":"aiverify.stock.process_checklist:principle_summary_header","key":"1685890498307","properties":{"principle":"Human Agency & Oversight"}}]},{"layouts":[{"i":"1684929896385","x":0,"y":2,"w":12,"h":34,"maxW":12,"maxH":36,"minW":12,"minH":10,"static":false,"isDraggable":true,"isResizable":true,"resizeHandles":["se"],"isBounded":true},{"i":"1685890535206","x":0,"y":0,"w":12,"h":2,"maxW":12,"maxH":36,"minW":6,"minH":1,"static":false,"isDraggable":true,"isResizable":true,"resizeHandles":["se"],"isBounded":true}],"reportWidgets":[{"widgetGID":"aiverify.stock.process_checklist:summary_inclusive_growth","key":"1684929896385","properties":{}},{"widgetGID":"aiverify.stock.process_checklist:principle_summary_header","key":"1685890535206","properties":{"principle":"Inclusive Growth, Societal & Environmental Well-being"}}]},{"layouts":[{"i":"1696318155552","x":0,"y":3,"w":12,"h":33,"maxW":12,"maxH":36,"minW":12,"minH":10,"static":false,"isDraggable":true,"isResizable":true,"resizeHandles":["se"],"isBounded":true},{"i":"1696467381716","x":0,"y":0,"w":12,"h":3,"maxW":12,"maxH":5,"minW":12,"minH":3,"static":false,"isDraggable":true,"isResizable":true,"resizeHandles":["se"],"isBounded":true}],"reportWidgets":[{"widgetGID":"aiverify.stock.process_checklist:summary_organisational_considerations","key":"1696318155552","properties":{}},{"widgetGID":"aiverify.stock.process_checklist:area_header","key":"1696467381716","properties":{"areaIndex":"6"}}]},{"layouts":[{"i":"1684930052804","x":0,"y":0,"w":12,"h":36,"maxW":12,"maxH":36,"minW":12,"minH":36,"static":false,"isDraggable":true,"isResizable":true,"resizeHandles":["se"],"isBounded":true}],"reportWidgets":[{"widgetGID":"aiverify.stock.reports:cover_page_section","key":"1684930052804","properties":{"sectionTitle":"Process Checklists","sectionSubTitle":"Annex A"}}]},{"layouts":[{"i":"1685516568279","x":0,"y":0,"w":12,"h":1,"maxW":12,"maxH":36,"minW":1,"minH":1,"static":false,"isDraggable":true,"isResizable":true,"resizeHandles":["se"],"isBounded":true},{"i":"1685516588483","x":0,"y":1,"w":12,"h":1,"maxW":12,"maxH":36,"minW":12,"minH":1,"static":false,"isDraggable":true,"isResizable":true,"resizeHandles":["se"],"isBounded":true},{"i":"1689037960180","x":0,"y":2,"w":12,"h":34,"maxW":12,"maxH":36,"minW":12,"minH":10,"static":false,"isDraggable":true,"isResizable":true,"resizeHandles":["se"],"isBounded":true}],"reportWidgets":[{"widgetGID":"aiverify.stock.reports:page_title2","key":"1685516568279","properties":{"title":"Transparency"}},{"widgetGID":"aiverify.stock.reports:page_divider","key":"1685516588483","properties":{}},{"widgetGID":"aiverify.stock.process_checklist:transparency_responses","key":"1689037960180","properties":{}}]},{"layouts":[{"i":"1685516652952","x":0,"y":0,"w":12,"h":1,"maxW":12,"maxH":36,"minW":1,"minH":1,"static":false,"isDraggable":true,"isResizable":true,"resizeHandles":["se"],"isBounded":true},{"i":"1685516667515","x":0,"y":1,"w":12,"h":1,"maxW":12,"maxH":36,"minW":12,"minH":1,"static":false,"isDraggable":true,"isResizable":true,"resizeHandles":["se"],"isBounded":true},{"i":"1689038035534","x":0,"y":2,"w":12,"h":34,"maxW":12,"maxH":36,"minW":12,"minH":10,"static":false,"isDraggable":true,"isResizable":true,"resizeHandles":["se"],"isBounded":true}],"reportWidgets":[{"widgetGID":"aiverify.stock.reports:page_title2","key":"1685516652952","properties":{"title":"Explainability"}},{"widgetGID":"aiverify.stock.reports:page_divider","key":"1685516667515","properties":{}},{"widgetGID":"aiverify.stock.process_checklist:explainability_responses","key":"1689038035534","properties":{}}]},{"layouts":[{"i":"1685516702631","x":0,"y":0,"w":12,"h":1,"maxW":12,"maxH":36,"minW":1,"minH":1,"static":false,"isDraggable":true,"isResizable":true,"resizeHandles":["se"],"isBounded":true},{"i":"1685516785323","x":0,"y":1,"w":12,"h":1,"maxW":12,"maxH":36,"minW":12,"minH":1,"static":false,"isDraggable":true,"isResizable":true,"resizeHandles":["se"],"isBounded":true},{"i":"1689038053574","x":0,"y":2,"w":12,"h":34,"maxW":12,"maxH":36,"minW":12,"minH":10,"static":false,"isDraggable":true,"isResizable":true,"resizeHandles":["se"],"isBounded":true}],"reportWidgets":[{"widgetGID":"aiverify.stock.reports:page_title2","key":"1685516702631","properties":{"title":"Repeatability / Reproducibility"}},{"widgetGID":"aiverify.stock.reports:page_divider","key":"1685516785323","properties":{}},{"widgetGID":"aiverify.stock.process_checklist:reproducibility_responses","key":"1689038053574","properties":{}}]},{"layouts":[{"i":"1685518190185","x":0,"y":0,"w":12,"h":1,"maxW":12,"maxH":36,"minW":1,"minH":1,"static":false,"isDraggable":true,"isResizable":true,"resizeHandles":["se"],"isBounded":true},{"i":"1685518211988","x":0,"y":1,"w":12,"h":1,"maxW":12,"maxH":36,"minW":12,"minH":1,"static":false,"isDraggable":true,"isResizable":true,"resizeHandles":["se"],"isBounded":true},{"i":"1689038119514","x":0,"y":2,"w":12,"h":34,"maxW":12,"maxH":36,"minW":12,"minH":10,"static":false,"isDraggable":true,"isResizable":true,"resizeHandles":["se"],"isBounded":true}],"reportWidgets":[{"widgetGID":"aiverify.stock.reports:page_title2","key":"1685518190185","properties":{"title":"Safety"}},{"widgetGID":"aiverify.stock.reports:page_divider","key":"1685518211988","properties":{}},{"widgetGID":"aiverify.stock.process_checklist:safety_responses","key":"1689038119514","properties":{}}]},{"layouts":[{"i":"1685518525074","x":0,"y":0,"w":12,"h":1,"maxW":12,"maxH":36,"minW":1,"minH":1,"static":false,"isDraggable":true,"isResizable":true,"resizeHandles":["se"],"isBounded":true},{"i":"1685518538928","x":0,"y":1,"w":12,"h":1,"maxW":12,"maxH":36,"minW":12,"minH":1,"static":false,"isDraggable":true,"isResizable":true,"resizeHandles":["se"],"isBounded":true},{"i":"1689038150392","x":0,"y":2,"w":12,"h":34,"maxW":12,"maxH":36,"minW":12,"minH":10,"static":false,"isDraggable":true,"isResizable":true,"resizeHandles":["se"],"isBounded":true}],"reportWidgets":[{"widgetGID":"aiverify.stock.reports:page_title2","key":"1685518525074","properties":{"title":"Security"}},{"widgetGID":"aiverify.stock.reports:page_divider","key":"1685518538928","properties":{}},{"widgetGID":"aiverify.stock.process_checklist:security_responses","key":"1689038150392","properties":{}}]},{"layouts":[{"i":"1685518730146","x":0,"y":0,"w":12,"h":1,"maxW":12,"maxH":36,"minW":1,"minH":1,"static":false,"isDraggable":true,"isResizable":true,"resizeHandles":["se"],"isBounded":true},{"i":"1685518757391","x":0,"y":1,"w":12,"h":1,"maxW":12,"maxH":36,"minW":12,"minH":1,"static":false,"isDraggable":true,"isResizable":true,"resizeHandles":["se"],"isBounded":true},{"i":"1689038218493","x":0,"y":2,"w":12,"h":34,"maxW":12,"maxH":36,"minW":12,"minH":10,"static":false,"isDraggable":true,"isResizable":true,"resizeHandles":["se"],"isBounded":true}],"reportWidgets":[{"widgetGID":"aiverify.stock.reports:page_title2","key":"1685518730146","properties":{"title":"Robustness"}},{"widgetGID":"aiverify.stock.reports:page_divider","key":"1685518757391","properties":{}},{"widgetGID":"aiverify.stock.process_checklist:robustness_responses","key":"1689038218493","properties":{}}]},{"layouts":[{"i":"1685518860877","x":0,"y":0,"w":12,"h":1,"maxW":12,"maxH":36,"minW":1,"minH":1,"static":false,"isDraggable":true,"isResizable":true,"resizeHandles":["se"],"isBounded":true},{"i":"1685518875495","x":0,"y":1,"w":12,"h":1,"maxW":12,"maxH":36,"minW":12,"minH":1,"static":false,"isDraggable":true,"isResizable":true,"resizeHandles":["se"],"isBounded":true},{"i":"1689038282752","x":0,"y":2,"w":12,"h":34,"maxW":12,"maxH":36,"minW":12,"minH":6,"static":false,"isDraggable":true,"isResizable":true,"resizeHandles":["se"],"isBounded":true}],"reportWidgets":[{"widgetGID":"aiverify.stock.reports:page_title2","key":"1685518860877","properties":{"title":"Fairness"}},{"widgetGID":"aiverify.stock.reports:page_divider","key":"1685518875495","properties":{}},{"widgetGID":"aiverify.stock.process_checklist:fairness_responses","key":"1689038282752","properties":{}}]},{"layouts":[{"i":"1685519288011","x":0,"y":0,"w":12,"h":1,"maxW":12,"maxH":36,"minW":1,"minH":1,"static":false,"isDraggable":true,"isResizable":true,"resizeHandles":["se"],"isBounded":true},{"i":"1685519317659","x":0,"y":1,"w":12,"h":1,"maxW":12,"maxH":36,"minW":12,"minH":1,"static":false,"isDraggable":true,"isResizable":true,"resizeHandles":["se"],"isBounded":true},{"i":"1689038305748","x":0,"y":2,"w":12,"h":34,"maxW":12,"maxH":36,"minW":12,"minH":10,"static":false,"isDraggable":true,"isResizable":true,"resizeHandles":["se"],"isBounded":true}],"reportWidgets":[{"widgetGID":"aiverify.stock.reports:page_title2","key":"1685519288011","properties":{"title":"Data Governance"}},{"widgetGID":"aiverify.stock.reports:page_divider","key":"1685519317659","properties":{}},{"widgetGID":"aiverify.stock.process_checklist:data_governance_responses","key":"1689038305748","properties":{}}]},{"layouts":[{"i":"1685519496618","x":0,"y":0,"w":12,"h":1,"maxW":12,"maxH":36,"minW":1,"minH":1,"static":false,"isDraggable":true,"isResizable":true,"resizeHandles":["se"],"isBounded":true},{"i":"1685519519853","x":0,"y":1,"w":12,"h":1,"maxW":12,"maxH":36,"minW":12,"minH":1,"static":false,"isDraggable":true,"isResizable":true,"resizeHandles":["se"],"isBounded":true},{"i":"1689038357949","x":0,"y":2,"w":12,"h":34,"maxW":12,"maxH":36,"minW":12,"minH":10,"static":false,"isDraggable":true,"isResizable":true,"resizeHandles":["se"],"isBounded":true}],"reportWidgets":[{"widgetGID":"aiverify.stock.reports:page_title2","key":"1685519496618","properties":{"title":"Accountability"}},{"widgetGID":"aiverify.stock.reports:page_divider","key":"1685519519853","properties":{}},{"widgetGID":"aiverify.stock.process_checklist:accountability_responses","key":"1689038357949","properties":{}}]},{"layouts":[{"i":"1685519678334","x":0,"y":0,"w":12,"h":1,"maxW":12,"maxH":36,"minW":1,"minH":1,"static":false,"isDraggable":true,"isResizable":true,"resizeHandles":["se"],"isBounded":true},{"i":"1685519702139","x":0,"y":1,"w":12,"h":1,"maxW":12,"maxH":36,"minW":12,"minH":1,"static":false,"isDraggable":true,"isResizable":true,"resizeHandles":["se"],"isBounded":true},{"i":"1689038400593","x":0,"y":2,"w":12,"h":34,"maxW":12,"maxH":36,"minW":12,"minH":10,"static":false,"isDraggable":true,"isResizable":true,"resizeHandles":["se"],"isBounded":true}],"reportWidgets":[{"widgetGID":"aiverify.stock.reports:page_title2","key":"1685519678334","properties":{"title":"Human Agency & Oversight"}},{"widgetGID":"aiverify.stock.reports:page_divider","key":"1685519702139","properties":{}},{"widgetGID":"aiverify.stock.process_checklist:human_agency_oversight_responses","key":"1689038400593","properties":{}}]},{"layouts":[{"i":"1685519866335","x":0,"y":0,"w":12,"h":1,"maxW":12,"maxH":36,"minW":1,"minH":1,"static":false,"isDraggable":true,"isResizable":true,"resizeHandles":["se"],"isBounded":true},{"i":"1685519928964","x":0,"y":1,"w":12,"h":1,"maxW":12,"maxH":36,"minW":12,"minH":1,"static":false,"isDraggable":true,"isResizable":true,"resizeHandles":["se"],"isBounded":true},{"i":"1689038443355","x":0,"y":2,"w":12,"h":34,"maxW":12,"maxH":36,"minW":12,"minH":10,"static":false,"isDraggable":true,"isResizable":true,"resizeHandles":["se"],"isBounded":true}],"reportWidgets":[{"widgetGID":"aiverify.stock.reports:page_title2","key":"1685519866335","properties":{"title":"Inclusive Growth, Societal & Environmental Well-Being"}},{"widgetGID":"aiverify.stock.reports:page_divider","key":"1685519928964","properties":{}},{"widgetGID":"aiverify.stock.process_checklist:inclusive_growth_responses","key":"1689038443355","properties":{}}]},{"layouts":[{"i":"1696318292761","x":0,"y":0,"w":12,"h":1,"maxW":12,"maxH":36,"minW":1,"minH":1,"static":false,"isDraggable":true,"isResizable":true,"resizeHandles":["se"],"isBounded":true},{"i":"1696318333665","x":0,"y":1,"w":12,"h":1,"maxW":12,"maxH":36,"minW":12,"minH":1,"static":false,"isDraggable":true,"isResizable":true,"resizeHandles":["se"],"isBounded":true},{"i":"1696318354512","x":0,"y":2,"w":12,"h":34,"maxW":12,"maxH":36,"minW":12,"minH":10,"static":false,"isDraggable":true,"isResizable":true,"resizeHandles":["se"],"isBounded":true}],"reportWidgets":[{"widgetGID":"aiverify.stock.reports:page_title2","key":"1696318292761","properties":{"title":"Organisational Considerations"}},{"widgetGID":"aiverify.stock.reports:page_divider","key":"1696318333665","properties":{}},{"widgetGID":"aiverify.stock.process_checklist:organisational_considerations_responses","key":"1696318354512","properties":{}}]},{"layouts":[{"i":"1684934721040","x":0,"y":0,"w":12,"h":36,"maxW":12,"maxH":36,"minW":12,"minH":36,"static":false,"isDraggable":true,"isResizable":true,"resizeHandles":["se"],"isBounded":true}],"reportWidgets":[{"widgetGID":"aiverify.stock.reports:cover_page_section","key":"1684934721040","properties":{"sectionTitle":"Technical Tests","sectionSubTitle":"Annex B"}}]},{"layouts":[{"i":"1684935321439","x":0,"y":0,"w":12,"h":2,"maxW":12,"maxH":36,"minW":1,"minH":2,"static":false,"isDraggable":true,"isResizable":true,"resizeHandles":["se"],"isBounded":true},{"i":"1685630872994","x":0,"y":2,"w":12,"h":5,"maxW":12,"maxH":36,"minW":12,"minH":3,"static":false,"isDraggable":true,"isResizable":true,"resizeHandles":["se"],"isBounded":true}],"reportWidgets":[{"widgetGID":"aiverify.stock.reports:page_title1","key":"1684935321439","properties":{"title":"Fairness Test"}},{"widgetGID":"aiverify.stock.reports:intro_fairness","key":"1685630872994","properties":{}}]},{"layouts":[{"i":"1685890868490","x":0,"y":0,"w":12,"h":36,"maxW":12,"maxH":36,"minW":6,"minH":3,"static":false,"isDraggable":true,"isResizable":true,"resizeHandles":["se"],"isBounded":true}],"reportWidgets":[{"widgetGID":"aiverify.stock.fairness_metrics_toolbox_for_classification:technical_fairness_metrics_desc","key":"1685890868490","properties":{}}]},{"layouts":[{"i":"1685890928241","x":0,"y":0,"w":12,"h":36,"maxW":12,"maxH":36,"minW":12,"minH":15,"static":false,"isDraggable":true,"isResizable":true,"resizeHandles":["se"],"isBounded":true}],"reportWidgets":[{"widgetGID":"aiverify.stock.fairness_metrics_toolbox_for_classification:technical_metrics","key":"1685890928241","properties":{}}]},{"layouts":[{"i":"1684935391519","x":0,"y":0,"w":12,"h":2,"maxW":12,"maxH":36,"minW":1,"minH":2,"static":false,"isDraggable":true,"isResizable":true,"resizeHandles":["se"],"isBounded":true},{"i":"1685630924980","x":0,"y":2,"w":12,"h":6,"maxW":12,"maxH":36,"minW":12,"minH":5,"static":false,"isDraggable":true,"isResizable":true,"resizeHandles":["se"],"isBounded":true}],"reportWidgets":[{"widgetGID":"aiverify.stock.reports:page_title1","key":"1684935391519","properties":{"title":"Robustness Test"}},{"widgetGID":"aiverify.stock.reports:intro_robustness","key":"1685630924980","properties":{}}]},{"layouts":[{"i":"1685891029275","x":0,"y":1,"w":12,"h":35,"maxW":12,"maxH":36,"minW":12,"minH":18,"static":false,"isDraggable":true,"isResizable":true,"resizeHandles":["se"],"isBounded":true},{"i":"1685894027970","x":0,"y":0,"w":12,"h":1,"maxW":12,"maxH":36,"minW":1,"minH":1,"static":false,"isDraggable":true,"isResizable":true,"resizeHandles":["se"],"isBounded":true}],"reportWidgets":[{"widgetGID":"aiverify.stock.robustness_toolbox:technical_description","key":"1685891029275","properties":{}},{"widgetGID":"aiverify.stock.reports:page_title2","key":"1685894027970","properties":{"title":"Robustness Toolbox"}}]},{"layouts":[{"i":"1684935593421","x":0,"y":0,"w":12,"h":2,"maxW":12,"maxH":36,"minW":1,"minH":2,"static":false,"isDraggable":true,"isResizable":true,"resizeHandles":["se"],"isBounded":true},{"i":"1685630985111","x":0,"y":2,"w":12,"h":7,"maxW":12,"maxH":36,"minW":12,"minH":4,"static":false,"isDraggable":true,"isResizable":true,"resizeHandles":["se"],"isBounded":true}],"reportWidgets":[{"widgetGID":"aiverify.stock.reports:page_title1","key":"1684935593421","properties":{"title":"Explainability Test"}},{"widgetGID":"aiverify.stock.reports:intro_explain","key":"1685630985111","properties":{}}]},{"layouts":[{"i":"1685891206589","x":0,"y":0,"w":12,"h":3,"maxW":12,"maxH":36,"minW":4,"minH":2,"static":false,"isDraggable":true,"isResizable":true,"resizeHandles":["se"],"isBounded":true},{"i":"1685891214915","x":0,"y":3,"w":12,"h":7,"maxW":12,"maxH":36,"minW":2,"minH":2,"static":false,"isDraggable":true,"isResizable":true,"resizeHandles":["se"],"isBounded":true},{"i":"1685891223150","x":0,"y":10,"w":12,"h":19,"maxW":12,"maxH":36,"minW":12,"minH":16,"static":false,"isDraggable":true,"isResizable":true,"resizeHandles":["se"],"isBounded":true},{"i":"1685891232501","x":0,"y":29,"w":12,"h":7,"maxW":12,"maxH":36,"minW":2,"minH":2,"static":false,"isDraggable":true,"isResizable":true,"resizeHandles":["se"],"isBounded":true}],"reportWidgets":[{"widgetGID":"aiverify.stock.shap_toolbox:introduction","key":"1685891206589","properties":{}},{"widgetGID":"aiverify.stock.shap_toolbox:how_to_read","key":"1685891214915","properties":{}},{"widgetGID":"aiverify.stock.shap_toolbox:global_explainability_chart","key":"1685891223150","properties":{"topNFeatures":"20"}},{"widgetGID":"aiverify.stock.shap_toolbox:recommendations","key":"1685891232501","properties":{}}]}]}