{
  "cid": "human_agency_oversight_responses",
  "widgetSize": {
    "minW": 12,
    "minH": 10,
    "maxW": 12,
    "maxH": 36
  },
  "name": "User Responses - Human Agency & Oversight",
  "description": "List the user responses for Human Agency & Oversight checklist",
  "tag": [
    "stock",
    "process-checklist"
  ],
  "dependencies": [
    {
      "cid": "human_agency_oversight_process_checklist"
    }
  ],
  "mockdata": [
    {
      "type": "InputBlock",
      "cid": "human_agency_oversight_process_checklist",
      "datapath": "human_agency_oversight_process_checklist.sample.json"
    }
  ],
  "properties": [
    {
      "key": "testableCriteria",
      "helper": "Enter the number of the testable criteria to display (default 1)",
      "default": "1"
    },
    {
      "key": "startIndex",
      "helper": "Enter the start index of the process check to display (default 0)",
      "default": "0"
    },
    {
      "key": "numProcessChecks",
      "helper": "Enter the number of process checks to display (default 2)",
      "default": "2"
    },
    {
      "key": "hideCriteriaDescription",
      "helper": "Set to 1 to hide the criteria description (default 0)",
      "default": "0"
    }
  ]
}