{
  "completed-reproducibility-3-1-1": "Yes",
  "elaboration-reproducibility-3-1-1": "Documented as part of company's software development process",
  "completed-reproducibility-3-2-1": "Yes",
  "elaboration-reproducibility-3-2-1": "Documented as part of company's software development process",
  "completed-reproducibility-3-3-1": "Yes",
  "elaboration-reproducibility-3-3-1": "All data collection and data movement are documented as part of company's data collection procedure.",
  "completed-reproducibility-3-4-1": "Yes",
  "elaboration-reproducibility-3-4-1": "Implemented as part of data pipeline.",
  "completed-reproducibility-3-5-1": "Yes",
  "elaboration-reproducibility-3-5-1": "Implemented as part of data pipeline.",
  "completed-reproducibility-3-6-1": "No",
  "elaboration-reproducibility-3-6-1": "Currently not implemented.",
  "elaboration-reproducibility-3-7-1": "Implemented as part of data pipeline.",
  "completed-reproducibility-3-7-1": "Yes",
  "completed-reproducibility-3-8-1": "Not Applicable",
  "elaboration-reproducibility-3-8-1": "Not relevant for model.",
  "completed-reproducibility-3-9-1": "Not Applicable",
  "elaboration-reproducibility-3-9-1": "Not relevant for model.",
  "completed-reproducibility-3-9-2": "Yes",
  "elaboration-reproducibility-3-9-2": "Documented as part of company's software development process",
  "completed-reproducibility-3-10-1": "Yes",
  "elaboration-reproducibility-3-10-1": "Implemented as part of data pipeline.",
  "completed-reproducibility-3-11-1": "Yes",
  "elaboration-reproducibility-3-11-1": "Documented as part of company's software development process",
  "completed-reproducibility-3-12-1": "No",
  "elaboration-reproducibility-3-12-1": "Currently not implemented.",
  "completed-reproducibility-3-13-1": "No",
  "elaboration-reproducibility-3-13-1": "Currently not implemented.",
  "completed-reproducibility-3-14-1": "Yes",
  "elaboration-reproducibility-3-14-1": "Implemented as part of data pipeline.",
  "summary-justification-Reproducibility": "Some of the process checks are not relevant for model or currently not implemented."
}