{
  "completed-robustness-6-1-1": "Yes",
  "elaboration-robustness-6-1-1": "Implemented as part of data pipeline.",
  "completed-robustness-6-2-1": "Yes",
  "elaboration-robustness-6-2-1": "Implemented as part of data pipeline.",
  "completed-robustness-6-3-1": "Yes",
  "elaboration-robustness-6-3-1": "Implemented as part of data pipeline.",
  "completed-robustness-6-4-1": "Yes",
  "elaboration-robustness-6-4-1": "Implemented as part of data pipeline.",
  "completed-robustness-6-5-1": "Yes",
  "elaboration-robustness-6-5-1": "Implemented as part of data pipeline.",
  "completed-robustness-6-5-2": "Yes",
  "elaboration-robustness-6-5-2": "Implemented as part of data pipeline.",
  "completed-robustness-6-5-3": "Yes",
  "elaboration-robustness-6-5-3": "Implemented as part of data pipeline.",
  "summary-justification-Robustness": "Implemented as part of data pipeline."
}