{
  "completed-safety-4-1-1": "No",
  "elaboration-safety-4-1-1": "Not required as the AI models developed does not has any impact on safety.",
  "completed-safety-4-2-1": "No",
  "elaboration-safety-4-2-1": "Not required as the AI models developed does not has any impact on safety.",
  "completed-safety-4-3-1": "No",
  "elaboration-safety-4-3-1": "Not required as the AI models developed does not has any impact on safety.",
  "completed-safety-4-4-1": "No",
  "elaboration-safety-4-4-1": "Not required as the AI models developed does not has any impact on safety.",
  "completed-safety-4-5-1": "No",
  "elaboration-safety-4-5-1": "Not required as the AI models developed does not has any impact on safety.",
  "completed-safety-4-5-2": "No",
  "elaboration-safety-4-5-2": "Not required as the AI models developed does not has any impact on safety.",
  "completed-safety-4-5-3": "No",
  "elaboration-safety-4-5-3": "Not required as the AI models developed does not has any impact on safety.",
  "completed-safety-4-5-4": "No",
  "elaboration-safety-4-5-4": "Not required as the AI models developed does not has any impact on safety.",
  "completed-safety-4-6-1": "No",
  "elaboration-safety-4-6-1": "Not required as the AI models developed does not has any impact on safety.",
  "summary-justification-Safety": "Not required as the AI models developed does not has any impact on safety."
}