{
  "cid": "summary_explainability",
  "widgetSize": {
    "minW": 12,
    "minH": 10,
    "maxW": 12,
    "maxH": 36
  },
  "name": "Summary - Explainability",
  "description": "Summary of the process checklist for Explainability principle",
  "dependencies": [
    {
      "cid": "explainability_process_checklist"
    }
  ],
  "mockdata": [
    {
      "type": "InputBlock",
      "cid": "explainability_process_checklist",
      "datapath": "explainability_process_checklist.sample.json" 
    }
  ]
}