{
  "cid": "summary_human_agency_oversight",
  "widgetSize": {
    "minW": 12,
    "minH": 10,
    "maxW": 12,
    "maxH": 36
  },
  "name": "Summary - Human Agency & Oversight",
  "description": "Summary of the process checklist for Human Agency & Oversight checklist",
  "dependencies": [
    {
      "cid": "human_agency_oversight_process_checklist"
    }
  ],
  "mockdata": [
    {
      "type": "InputBlock",
      "cid": "human_agency_oversight_process_checklist",
      "datapath": "human_agency_oversight_process_checklist.sample.json"
    }
  ]
}