{
  "completed-transparency-1-1-1": "Yes",
  "elaboration-transparency-1-1-1": "Implemented as part of compliance",
  "completed-transparency-1-1-2": "Yes",
  "elaboration-transparency-1-1-2": "Implemented as part of compliance",
  "completed-transparency-1-2-1": "Yes",
  "elaboration-transparency-1-2-1": "Implemented as part of compliance",
  "completed-transparency-1-2-2": "Yes",
  "elaboration-transparency-1-2-2": "Implemented as part of compliance",
  "completed-transparency-1-2-3": "Yes",
  "elaboration-transparency-1-2-3": "Implemented as part of compliance",
  "completed-transparency-1-2-4": "Yes",
  "elaboration-transparency-1-2-4": "Implemented as part of compliance",
  "completed-transparency-1-2-5": "Yes",
  "elaboration-transparency-1-2-5": "Implemented as part of compliance",
  "completed-transparency-1-3-1": "Yes",
  "elaboration-transparency-1-3-1": "Implemented as part of compliance"
}