{
    "1_1_1": "Yes",
    "1_1_1_e": "This is a sample elaboration of the answer",
    "1_1_2": "Yes",
    "1_1_2_e": "This is a sample elaboration of the answer",
    "1_1_3": "Yes",
    "1_1_3_e": "This is a sample elaboration of the answer",
    "1_1_4": "Yes",
    "1_1_4_e": "This is a sample elaboration of the answer",
    "1_2_1": "No",
    "1_2_1_e": "This is a sample elaboration of the answer",
    "1_2_2": "No",
    "1_2_2_e": "This is a sample elaboration of the answer",
    "1_2_3": "No",
    "1_2_3_e": "This is a sample elaboration of the answer",
    "1_2_4": "NA",
    "1_2_4_e": "This is a sample elaboration of the answer",
    "1_2_5": "NA",
    "1_2_5_e": "This is a sample elaboration of the answer",
    "1_2_6": "NA",
    "1_2_6_e": "This is a sample elaboration of the answer",
    "1_summary": "This is a sample summary of the justification."
}