{
    "results": [
        {
            "corruption_group": "Blur",
            "corruption_function": "Gaussian_Blur",
            "accuracy": {
                "severity0": 0.9,
                "severity1": 0.8,
                "severity2": 0.5,
                "severity3": 0.1,
                "severity4": 0.1,
                "severity5": 0.1
            },
            "display_info": {
                "severity0": [
                    "algorithms/blur_corruptions/temp/Gaussian_Blur/severity0/9.png",
                    "6",
                    "6"
                ],
                "severity1": [
                    "algorithms/blur_corruptions/temp/Gaussian_Blur/severity1/9.png",
                    "6",
                    "6"
                ],
                "severity2": [
                    "algorithms/blur_corruptions/temp/Gaussian_Blur/severity2/9.png",
                    "6",
                    "8"
                ],
                "severity3": [
                    "algorithms/blur_corruptions/temp/Gaussian_Blur/severity3/9.png",
                    "6",
                    "8"
                ],
                "severity4": [
                    "algorithms/blur_corruptions/temp/Gaussian_Blur/severity4/9.png",
                    "6",
                    "8"
                ],
                "severity5": [
                    "algorithms/blur_corruptions/temp/Gaussian_Blur/severity5/9.png",
                    "6",
                    "5"
                ]
            }
        },
        {
            "corruption_group": "Blur",
            "corruption_function": "Glass_Blur",
            "accuracy": {
                "severity0": 0.9,
                "severity1": 0.8,
                "severity2": 0.7,
                "severity3": 0.6,
                "severity4": 0.6,
                "severity5": 0.6
            },
            "display_info": {
                "severity0": [
                    "algorithms/blur_corruptions/temp/Glass_Blur/severity0/9.png",
                    "6",
                    "6"
                ],
                "severity1": [
                    "algorithms/blur_corruptions/temp/Glass_Blur/severity1/9.png",
                    "6",
                    "6"
                ],
                "severity2": [
                    "algorithms/blur_corruptions/temp/Glass_Blur/severity2/9.png",
                    "6",
                    "6"
                ],
                "severity3": [
                    "algorithms/blur_corruptions/temp/Glass_Blur/severity3/9.png",
                    "6",
                    "6"
                ],
                "severity4": [
                    "algorithms/blur_corruptions/temp/Glass_Blur/severity4/9.png",
                    "6",
                    "6"
                ],
                "severity5": [
                    "algorithms/blur_corruptions/temp/Glass_Blur/severity5/9.png",
                    "6",
                    "6"
                ]
            }
        },
        {
            "corruption_group": "Blur",
            "corruption_function": "Defocus_Blur",
            "accuracy": {
                "severity0": 0.9,
                "severity1": 0.8,
                "severity2": 0.9,
                "severity3": 0.5,
                "severity4": 0.5,
                "severity5": 0.1
            },
            "display_info": {
                "severity0": [
                    "algorithms/blur_corruptions/temp/Defocus_Blur/severity0/9.png",
                    "6",
                    "6"
                ],
                "severity1": [
                    "algorithms/blur_corruptions/temp/Defocus_Blur/severity1/9.png",
                    "6",
                    "6"
                ],
                "severity2": [
                    "algorithms/blur_corruptions/temp/Defocus_Blur/severity2/9.png",
                    "6",
                    "6"
                ],
                "severity3": [
                    "algorithms/blur_corruptions/temp/Defocus_Blur/severity3/9.png",
                    "6",
                    "8"
                ],
                "severity4": [
                    "algorithms/blur_corruptions/temp/Defocus_Blur/severity4/9.png",
                    "6",
                    "8"
                ],
                "severity5": [
                    "algorithms/blur_corruptions/temp/Defocus_Blur/severity5/9.png",
                    "6",
                    "8"
                ]
            }
        },
        {
            "corruption_group": "Blur",
            "corruption_function": "Horizontal_Motion_Blur",
            "accuracy": {
                "severity0": 0.9,
                "severity1": 0.6,
                "severity2": 0.4,
                "severity3": 0.2,
                "severity4": 0.1,
                "severity5": 0.1
            },
            "display_info": {
                "severity0": [
                    "algorithms/blur_corruptions/temp/Horizontal_Motion_Blur/severity0/9.png",
                    "6",
                    "6"
                ],
                "severity1": [
                    "algorithms/blur_corruptions/temp/Horizontal_Motion_Blur/severity1/9.png",
                    "6",
                    "6"
                ],
                "severity2": [
                    "algorithms/blur_corruptions/temp/Horizontal_Motion_Blur/severity2/9.png",
                    "6",
                    "6"
                ],
                "severity3": [
                    "algorithms/blur_corruptions/temp/Horizontal_Motion_Blur/severity3/9.png",
                    "6",
                    "8"
                ],
                "severity4": [
                    "algorithms/blur_corruptions/temp/Horizontal_Motion_Blur/severity4/9.png",
                    "6",
                    "8"
                ],
                "severity5": [
                    "algorithms/blur_corruptions/temp/Horizontal_Motion_Blur/severity5/9.png",
                    "6",
                    "8"
                ]
            }
        },
        {
            "corruption_group": "Blur",
            "corruption_function": "Vertical_Motion_Blur",
            "accuracy": {
                "severity0": 0.9,
                "severity1": 1.0,
                "severity2": 0.8,
                "severity3": 0.9,
                "severity4": 0.7,
                "severity5": 0.6
            },
            "display_info": {
                "severity0": [
                    "algorithms/blur_corruptions/temp/Vertical_Motion_Blur/severity0/9.png",
                    "6",
                    "6"
                ],
                "severity1": [
                    "algorithms/blur_corruptions/temp/Vertical_Motion_Blur/severity1/9.png",
                    "6",
                    "6"
                ],
                "severity2": [
                    "algorithms/blur_corruptions/temp/Vertical_Motion_Blur/severity2/9.png",
                    "6",
                    "6"
                ],
                "severity3": [
                    "algorithms/blur_corruptions/temp/Vertical_Motion_Blur/severity3/9.png",
                    "6",
                    "6"
                ],
                "severity4": [
                    "algorithms/blur_corruptions/temp/Vertical_Motion_Blur/severity4/9.png",
                    "6",
                    "6"
                ],
                "severity5": [
                    "algorithms/blur_corruptions/temp/Vertical_Motion_Blur/severity5/9.png",
                    "6",
                    "0"
                ]
            }
        },
        {
            "corruption_group": "Blur",
            "corruption_function": "Zoom_Blur",
            "accuracy": {
                "severity0": 0.9,
                "severity1": 0.7,
                "severity2": 0.6,
                "severity3": 0.5,
                "severity4": 0.5,
                "severity5": 0.2
            },
            "display_info": {
                "severity0": [
                    "algorithms/blur_corruptions/temp/Zoom_Blur/severity0/9.png",
                    "6",
                    "6"
                ],
                "severity1": [
                    "algorithms/blur_corruptions/temp/Zoom_Blur/severity1/9.png",
                    "6",
                    "2"
                ],
                "severity2": [
                    "algorithms/blur_corruptions/temp/Zoom_Blur/severity2/9.png",
                    "6",
                    "2"
                ],
                "severity3": [
                    "algorithms/blur_corruptions/temp/Zoom_Blur/severity3/9.png",
                    "6",
                    "8"
                ],
                "severity4": [
                    "algorithms/blur_corruptions/temp/Zoom_Blur/severity4/9.png",
                    "6",
                    "8"
                ],
                "severity5": [
                    "algorithms/blur_corruptions/temp/Zoom_Blur/severity5/9.png",
                    "6",
                    "8"
                ]
            }
        }
    ]
}