{
    "title": "Algorithm Plugin Input Arguments",
    "description": "A schema for algorithm plugin input arguments",
    "type": "object",
    "required": [
        "row_number",
        "background_path",
        "background_samples",
        "data_samples"
    ],
    "properties": {
        "row_number": {
            "title": "Row Number",
            "description": "Row number of data for local explainability",
            "type": "number",
            "default": 0
         },
        "background_path": {
            "title": "Path of the Background Path",
            "description": "Background data path",
            "type": "string",
            "ui:widget": "selectDataset"
        },
        "background_samples": {
            "title": "Size of the Background",
            "description": "Background Samples (e.g. 25)",
            "type": "number"
        },
        "data_samples": {
            "title": "Size of the Test Dataset",
            "description": "Data Samples (e.g. 25)",
            "type": "number"
        }
    }
}