{
  "cid": "local_shap_toolbox",
  "name": "local SHAP toolbox",
  "modelType": [
    "classification",
    "regression"
  ],
  "version": "0.1.0",
  "author": "Dell Technologies",
  "description": "local shap algorithm",
  "tags": [
    "local SHAP toolbox",
    "classification",
    "regression"
  ],
  "requireGroundTruth": true,
  "requiredFiles": [
    "AUTHORS.rst",
    "CHANGELOG.md",
    "input.schema.json",
    "LICENSE",
    "output.schema.json",
    "local_shap_toolbox.meta.json",
    "local_shap_toolbox.py",
    "README.md",
    "requirements.txt",
    "syntax_checker.py"
  ]
}