{
    "title": "Algorithm Plugin Output Arguments",
    "description": "A schema for algorithm plugin output arguments",
    "type": "object",
    "required": [
        "results"
    ],
    "minProperties": 1,
    "properties": {
        "results": {
            "description": "Results from the unadverserial robustness algorithms",
            "type": "array",
            "minItems": 1,
            "items": {
                "type": "object",
                "required": [
                    "corruption_group",
                    "corruption_function",
                    "accuracy",
                    "display_info"
                ],
                "properties": {
                    "corruption_group": {
                        "description": "Broad corruption group",
                        "type": "string"
                    },
                    "corruption_function": {
                        "description": "Name of corruption algorithm",
                        "type": "string"
                    },
                    "accuracy": {
                        "description": "Accuracies starting from no corruption to higher levels of severities",
                        "items": {
                            "type": "object",
                            "minProperties": 1,
                            "patternProperties": {
                                "^severity": {
                                    "type": "number"
                                }
                            }
                        }
                    },
                    "display_info": {
                        "description": "Information for the display of sample images",
                        "type": "object",
                        "items":{
                            "minProperties": 6,
                            "patternProperties": {
                                "^severity": {
                                    "type": "array"
                                }
                            }
                        }
                    }
                }
            }
        }
    }
}