{
  "cid": "chart_selected_metrics",
  "name": "Bar Chart (Selected)",
  "description": "To generate bar chart(s) for the selected fairness metric(s) from the fairness tree",
  "widgetSize": {
    "minW": 12,
    "minH": 15,
    "maxW": 12,
    "maxH": 36
  },
  "dependencies": [
    {
      "cid": "fairness_tree",
      "gid": "aiverify.stock.fairness_metrics_toolbox_for_classification"
    },
    {
      "cid": "fairness_metrics_toolbox_for_classification",
      "gid": "aiverify.stock.fairness_metrics_toolbox_for_classification"
    }
  ],
  "mockdata": [
    {
      "type": "InputBlock",
      "cid": "fairness_tree",
      "datapath": "fairness_tree.sample.json"
    },
    {
      "type": "Algorithm",
      "cid": "fairness_metrics_toolbox_for_classification",
      "datapath": "fmt.output.sample.json" 
    }
  ]
}