{
  "cid": "introduction",
  "widgetSize": {
    "minW": 6,
    "minH": 4,
    "maxW": 12,
    "maxH": 36
  },
  "name": "Introduction",
  "description": "To provide an introduction to the Fairness Metric Toolbox for Regression ",
  "dependencies": [
    {
      "cid": "fairness_metrics_toolbox_for_regression"
    }
  ],
  "mockdata": [
    {
      "type": "Algorithm",
      "cid": "fairness_metrics_toolbox_for_regression",
      "datapath": "fairness_metrics_toolbox_for_regression.sample.json" 
    }
  ]
}