{
  "cid": "mean_absolute_error_parity",
  "widgetSize": {
    "minW": 6,
    "minH": 6,
    "maxW": 12,
    "maxH": 36
  },
  "name": "Bar Chart (MAE)",
  "description": "To generate the bar chart to show the mean absolute error parity between the subgroups",
  "dependencies": [
    {
      "cid": "fairness_metrics_toolbox_for_regression"
    }
  ],
  "mockdata": [
    {
      "type": "Algorithm",
      "cid": "fairness_metrics_toolbox_for_regression",
      "datapath": "fairness_metrics_toolbox_for_regression.sample.json"
    }
  ]
}