{
    "cid": "recommendation",
    "widgetSize": {
      "minW": 6,
      "minH": 3,
      "maxW": 12,
      "maxH": 36
    },
    "name": "Recommendation",
    "description": "To provide a recommendation for fairness testing for regression models",
    "dependencies": [
    ],
    "mockdata": [
      {
        "type": "Algorithm",
        "cid": "fairness_metrics_toolbox_for_regression",
        "datapath": "fairness_metrics_toolbox_for_regression.sample.json"
      }
    ]
  }