{
    "cid": "mse_interpretation",
    "widgetSize": {
      "minW": 2,
      "minH": 2,
      "maxW": 12,
      "maxH": 36
    },
    "name": "Interpretation (MSE)",
    "description": "To interpret the mean square error parity results",
    "dependencies": [
      {
        "cid": "fairness_metrics_toolbox_for_regression"
      }
    ],
    "mockdata": [
      {
        "type": "Algorithm",
        "cid": "fairness_metrics_toolbox_for_regression",
        "datapath": "fairness_metrics_toolbox_for_regression.sample.json"
      }
    ]
  }