{
    "cid": "shap_toolbox",
    "name": "SHAP Toolbox",
    "modelType": [
        "classification",
        "regression"
    ],
    "version": "0.10.0",
    "author": "AI Verify",
    "description": "SHAP (SHapley Additive exPlanations) is a game theoretic approach to explain the output of any machine learning model.",
    "tags": [
        "SHAP Toolbox",
        "classification",
        "regression"
    ],
    "requireGroundTruth": true,
    "requiredFiles": [
        "AUTHORS.rst",
        "CHANGELOG.md",
        "input.schema.json",
        "LICENSE",
        "output.schema.json",
        "shap_toolbox.meta.json",
        "shap_toolbox.py",
        "README.md",
        "requirements.txt",
        "syntax_checker.py",
        "src"
    ]
}